topic_cluster,locale,country,term,term_role,autocomplete_status,suggestion_count,exact_term_suggested,suggestions,interpretation
"Android-puhelimen kunnon tarkistus","fi-FI","Finland","Android-puhelimen kuntotarkistus","CURRENT_AND_RECOMMENDED","OK","0","NO","","Support signal only; not search volume, ranking, CTR, or proof that a term should replace another term."
"Android-puhelimen kunnon tarkistus","sv-SE","Sweden","kontrollera Android-telefonens skick","CURRENT_AND_RECOMMENDED","OK","0","NO","","Support signal only; not search volume, ranking, CTR, or proof that a term should replace another term."
"Android-puhelimen kunnon tarkistus","nb-NO","Norway","sjekke tilstanden til en Android-telefon","CURRENT_AND_RECOMMENDED","OK","0","NO","","Support signal only; not search volume, ranking, CTR, or proof that a term should replace another term."
"Android-puhelimen kunnon tarkistus","da-DK","Denmark","tilstandstjek af en Android-telefon","CURRENT_AND_RECOMMENDED","OK","0","NO","","Support signal only; not search volume, ranking, CTR, or proof that a term should replace another term."
"Android-puhelimen kunnon tarkistus","de-DE","Germany","Android-GerÃ¤tezustand prÃ¼fen","CURRENT_AND_RECOMMENDED","OK","0","NO","","Support signal only; not search volume, ranking, CTR, or proof that a term should replace another term."
"Android-puhelimen kunnon tarkistus","fr-FR","France","vÃ©rifier lâ€™Ã©tat dâ€™un tÃ©lÃ©phone Android","CURRENT_AND_RECOMMENDED","OK","0","NO","","Support signal only; not search volume, ranking, CTR, or proof that a term should replace another term."
"Android-puhelimen kunnon tarkistus","es-ES","Spain","comprobar el estado de un mÃ³vil Android","CURRENT_AND_RECOMMENDED","OK","0","NO","","Support signal only; not search volume, ranking, CTR, or proof that a term should replace another term."
"KÃ¤ytetyn puhelimen tarkistus ja ostaminen","fi-FI","Finland","kÃ¤ytetyn Android-puhelimen tarkistus","CURRENT_AND_RECOMMENDED","OK","0","NO","","Support signal only; not search volume, ranking, CTR, or proof that a term should replace another term."
"KÃ¤ytetyn puhelimen tarkistus ja ostaminen","sv-SE","Sweden","kontrollera en begagnad Android-telefon","CURRENT_AND_RECOMMENDED","OK","0","NO","","Support signal only; not search volume, ranking, CTR, or proof that a term should replace another term."
"KÃ¤ytetyn puhelimen tarkistus ja ostaminen","nb-NO","Norway","sjekke en brukt Android-telefon","CURRENT_AND_RECOMMENDED","OK","0","NO","","Support signal only; not search volume, ranking, CTR, or proof that a term should replace another term."
"KÃ¤ytetyn puhelimen tarkistus ja ostaminen","da-DK","Denmark","tjek af en brugt Android-telefon","CURRENT_AND_RECOMMENDED","OK","0","NO","","Support signal only; not search volume, ranking, CTR, or proof that a term should replace another term."
"KÃ¤ytetyn puhelimen tarkistus ja ostaminen","de-DE","Germany","gebrauchtes Android-Smartphone prÃ¼fen","CURRENT_AND_RECOMMENDED","OK","0","NO","","Support signal only; not search volume, ranking, CTR, or proof that a term should replace another term."
"KÃ¤ytetyn puhelimen tarkistus ja ostaminen","fr-FR","France","vÃ©rifier un smartphone Android dâ€™occasion","CURRENT_AND_RECOMMENDED","OK","0","NO","","Support signal only; not search volume, ranking, CTR, or proof that a term should replace another term."
"KÃ¤ytetyn puhelimen tarkistus ja ostaminen","es-ES","Spain","comprobar un mÃ³vil Android de segunda mano","CURRENT_AND_RECOMMENDED","OK","0","NO","","Support signal only; not search volume, ranking, CTR, or proof that a term should replace another term."
"Kunnostetut puhelimet","fi-FI","Finland","kunnostettu puhelin","CURRENT_AND_RECOMMENDED","OK","8","YES","kunnostettu puhelin | kunnostettu puhelin kokemuksia | kunnostettu samsung puhelin | kï¿½ytetty kunnostettu puhelin | osta kunnostettu puhelin | kunnostettu android puhelin | telia kunnostettu puhelin | gigantti kunnostettu puhelin","Support signal only; not search volume, ranking, CTR, or proof that a term should replace another term."
"Kunnostetut puhelimet","sv-SE","Sweden","rekonditionerad telefon","CURRENT_AND_RECOMMENDED","OK","2","YES","rekonditionerad telefon | rekonditionerad telefon betyder","Support signal only; not search volume, ranking, CTR, or proof that a term should replace another term."
"Kunnostetut puhelimet","nb-NO","Norway","renovert telefon","CURRENT_AND_RECOMMENDED","OK","1","YES","renovert telefon","Support signal only; not search volume, ranking, CTR, or proof that a term should replace another term."
"Kunnostetut puhelimet","da-DK","Denmark","istandsat telefon","CURRENT_AND_RECOMMENDED","OK","1","YES","istandsat telefon","Support signal only; not search volume, ranking, CTR, or proof that a term should replace another term."
"Kunnostetut puhelimet","de-DE","Germany","generalÃ¼berholtes Smartphone","CURRENT_AND_RECOMMENDED","OK","2","NO","generalï¿½berholtes smartphone | generalï¿½berholtes smartphone kaufen","Support signal only; not search volume, ranking, CTR, or proof that a term should replace another term."
"Kunnostetut puhelimet","fr-FR","France","smartphone reconditionnÃ©","CURRENT_AND_RECOMMENDED","OK","10","NO","smartphone reconditionnï¿½ | smartphone reconditionnï¿½ france | smartphone reconditionnï¿½ pas cher | smartphone reconditionnï¿½ suisse | smartphone reconditionnï¿½ samsung | smartphone reconditionnï¿½ orange | smartphone reconditionnï¿½ fnac | smartphone reconditionnï¿½ amazon | smartphone reconditionnï¿½ belgique | smartphone reconditionnï¿½ boulanger","Support signal only; not search volume, ranking, CTR, or proof that a term should replace another term."
"Kunnostetut puhelimet","es-ES","Spain","mÃ³vil reacondicionado","CURRENT_AND_RECOMMENDED","OK","10","NO","mï¿½vil reacondicionado | mï¿½vil reacondicionado iphone | mï¿½vil reacondicionado que significa | movil reacondicionado media markt | movil reacondicionado samsung | movil reacondicionado el corte ingles | movil reacondicionado barato | mï¿½vil reacondicionado amazon | movil reacondicionado carrefour | movil reacondicionado apple","Support signal only; not search volume, ranking, CTR, or proof that a term should replace another term."
"Korjaaminen vai vaihtaminen","fi-FI","Finland","korjata vai vaihtaa puhelin","CURRENT_AND_RECOMMENDED","OK","0","NO","","Support signal only; not search volume, ranking, CTR, or proof that a term should replace another term."
"Korjaaminen vai vaihtaminen","sv-SE","Sweden","reparera eller byta telefon","CURRENT_AND_RECOMMENDED","OK","0","NO","","Support signal only; not search volume, ranking, CTR, or proof that a term should replace another term."
"Korjaaminen vai vaihtaminen","nb-NO","Norway","reparere eller bytte telefon","CURRENT_AND_RECOMMENDED","OK","0","NO","","Support signal only; not search volume, ranking, CTR, or proof that a term should replace another term."
"Korjaaminen vai vaihtaminen","da-DK","Denmark","reparere eller udskifte telefonen","CURRENT_AND_RECOMMENDED","OK","0","NO","","Support signal only; not search volume, ranking, CTR, or proof that a term should replace another term."
"Korjaaminen vai vaihtaminen","de-DE","Germany","Smartphone reparieren oder ersetzen","CURRENT_AND_RECOMMENDED","OK","0","NO","","Support signal only; not search volume, ranking, CTR, or proof that a term should replace another term."
"Korjaaminen vai vaihtaminen","fr-FR","France","rÃ©parer ou remplacer un tÃ©lÃ©phone","CURRENT_AND_RECOMMENDED","OK","0","NO","","Support signal only; not search volume, ranking, CTR, or proof that a term should replace another term."
"Korjaaminen vai vaihtaminen","es-ES","Spain","reparar o cambiar el mÃ³vil","CURRENT_AND_RECOMMENDED","OK","0","NO","","Support signal only; not search volume, ranking, CTR, or proof that a term should replace another term."
"Akun kunto","fi-FI","Finland","akun kunto","CURRENT_AND_RECOMMENDED","OK","10","YES","akun kunto | akun kuntotesti | akun kunto android | akun kunto iphone | akun kunto ipad | akun kunto soh | akun kunto samsung | akun kunto jï¿½nnite | akun kunto oneplus | akun kunto prosentteina","Support signal only; not search volume, ranking, CTR, or proof that a term should replace another term."
"Akun kunto","sv-SE","Sweden","batterihÃ¤lsa","CURRENT_AND_RECOMMENDED","OK","10","NO","batterihï¿½lsa iphone | batterihï¿½lsa samsung | batterihï¿½lsa | batterihï¿½lsa ipad | batterihï¿½lsa iphone nï¿½r byta | batterihï¿½lsa elbil | batterihï¿½lsa android | batterihï¿½lsa bilbatteri | batterihï¿½lsa windows 11 | batterihï¿½lsa apple watch","Support signal only; not search volume, ranking, CTR, or proof that a term should replace another term."
"Akun kunto","nb-NO","Norway","batterihelse","CURRENT_AND_RECOMMENDED","OK","10","YES","batterihelse | batterihelsetest | batterihelse iphone | batterihelse ipad | batterihelse elbil | batterihelse tesla | batterihelse samsung | batterihelse apple watch | batterihelse android | batterihelse nissan leaf","Support signal only; not search volume, ranking, CTR, or proof that a term should replace another term."
"Akun kunto","da-DK","Denmark","batteritilstand","CURRENT_AND_RECOMMENDED","OK","10","YES","batteritilstand iphone | batteritilstand ipad | batteritilstand | batteritilstand samsung | batteritilstand android | batteritilstand ipad pro | batteritilstand elbil | batteritilstand tesla | batteritilstand pï¿½ pc | batteritilstand windows","Support signal only; not search volume, ranking, CTR, or proof that a term should replace another term."
"Akun kunto","de-DE","Germany","Akkuzustand","CURRENT_AND_RECOMMENDED","OK","10","YES","akkuzustand iphone | akkuzustand | akkuzustand samsung | akkuzustand android | akkuzustand iphone prï¿½fen | akkuzustand ipad | akkuzustand prï¿½fen | akkuzustand apple watch | akkuzustand xiaomi | akkuzustand laptop prï¿½fen","Support signal only; not search volume, ranking, CTR, or proof that a term should replace another term."
"Akun kunto","fr-FR","France","Ã©tat de la batterie","CURRENT_AND_RECOMMENDED","OK","10","NO","ï¿½tat de la batterie | ï¿½tat de la batterie ipad ne s'affiche pas | ï¿½tat de la batterie samsung | ï¿½tat de la batterie windows 10 | ï¿½tat de la batterie iphone | ï¿½tat de la batterie google pixel | ï¿½tat de la batterie ipad | ï¿½tat de la batterie pc | ï¿½tat de la batterie xiaomi | ï¿½tat de la batterie mac","Support signal only; not search volume, ranking, CTR, or proof that a term should replace another term."
"Akun kunto","es-ES","Spain","estado de la baterÃ­a","CURRENT_AND_RECOMMENDED","OK","10","NO","estado de la baterï¿½a | estado de la baterï¿½a samsung | estado de la baterï¿½a xiaomi | estado de la baterï¿½a 0 disponible enchufado windows 11 | estado de la baterï¿½a de mi telï¿½fono | estado de la baterï¿½a laptop | estado de la baterï¿½a motorola | estado de la baterï¿½a ipad | estado de la baterï¿½a android | estado de la baterï¿½a honor","Support signal only; not search volume, ranking, CTR, or proof that a term should replace another term."
"Akun kapasiteetti ja lataussyklit","fi-FI","Finland","akun kapasiteetti","CONCEPT_COMPONENT","OK","10","YES","akun kapasiteetti | akun kapasiteetti iphone | akun kapasiteetti laskeminen | akun kapasiteetti mittari | akun kapasiteetti android | akun kapasiteetti wh | akun kapasiteetti 85 | akun kapasiteetti kwh | akun kapasiteetti mittaus | akun kapasiteetti pakkasella","Support signal only; not search volume, ranking, CTR, or proof that a term should replace another term."
"Akun kapasiteetti ja lataussyklit","fi-FI","Finland","lataussykli","CONCEPT_COMPONENT","OK","10","YES","lataussykli | lataussyklien mï¿½ï¿½rï¿½ | lataussykli hybridi | lataussyklien mï¿½ï¿½rï¿½ iphone | akun lataussykli | macbook lataussyklit | mikï¿½ on lataussykli | iphone lataussyklit | sï¿½hkï¿½auton lataussykli | sï¿½hkï¿½pyï¿½rï¿½ lataussykli","Support signal only; not search volume, ranking, CTR, or proof that a term should replace another term."
"Akun kapasiteetti ja lataussyklit","sv-SE","Sweden","batterikapacitet","CONCEPT_COMPONENT","OK","10","YES","batterikapacitet | batterikapacitet iphone | batterikapacitet elbil | batterikapacitet volvo xc60 | batterikapacitet elcykel | batterikapacitet volvo ex40 | batterikapacitet iphone 13 | batterikapacitet volvo xc40 recharge | batterikapacitet iphone 17 pro max | batterikapacitet iphone 17 pro","Support signal only; not search volume, ranking, CTR, or proof that a term should replace another term."
"Akun kapasiteetti ja lataussyklit","sv-SE","Sweden","laddningscykel","CONCEPT_COMPONENT","OK","2","NO","laddningscykel batteri | laddningscykel iphone","Support signal only; not search volume, ranking, CTR, or proof that a term should replace another term."
"Akun kapasiteetti ja lataussyklit","nb-NO","Norway","batterikapasitet","CONCEPT_COMPONENT","OK","10","YES","batterikapasitet | batterikapasitet iphone | batterikapasitet elbil | batterikapasitet formel | batterikapasitet samsung | batterikapasitet elbil kwh | batterikapasitet iphone 13 | batterikapasitet iphone 12 | batterikapasitet apple watch | batterikapasitet iphone 15","Support signal only; not search volume, ranking, CTR, or proof that a term should replace another term."
"Akun kapasiteetti ja lataussyklit","nb-NO","Norway","ladesyklus","CONCEPT_COMPONENT","OK","10","YES","ladesyklus | ladesykluser iphone | ladesykluser | ladesyklus mac | ladesykluser litium batteri | ladesykluser elbil | ladesyklus macbook | ladesykluser elsykkel | ladesyklus batteri | ladesykluser samsung","Support signal only; not search volume, ranking, CTR, or proof that a term should replace another term."
"Akun kapasiteetti ja lataussyklit","da-DK","Denmark","batterikapacitet","CONCEPT_COMPONENT","OK","10","YES","batterikapacitet | batterikapacitet iphone | batterikapacitet elbil | batterikapacitet ipad | batterikapacitet apple watch | batterikapacitet iphone 17 | batterikapacitet iphone 13 | batterikapacitet iphone 15 | batterikapacitet iphone 12 | batterikapacitet iphone 16","Support signal only; not search volume, ranking, CTR, or proof that a term should replace another term."
"Akun kapasiteetti ja lataussyklit","da-DK","Denmark","opladningscyklus","CONCEPT_COMPONENT","OK","1","NO","opladningscyklus iphone","Support signal only; not search volume, ranking, CTR, or proof that a term should replace another term."
"Akun kapasiteetti ja lataussyklit","de-DE","Germany","AkkukapazitÃ¤t","CONCEPT_COMPONENT","OK","10","NO","akkukapazitï¿½t | akkukapazitï¿½t iphone | akkukapazitï¿½t samsung | akkukapazitï¿½t iphone 17 | akkukapazitï¿½t iphone 15 | akkukapazitï¿½t ipad | akkukapazitï¿½t samsung prï¿½fen | akkukapazitï¿½t iphone 13 | akkukapazitï¿½t apple watch | akkukapazitï¿½t iphone 17 pro","Support signal only; not search volume, ranking, CTR, or proof that a term should replace another term."
"Akun kapasiteetti ja lataussyklit","de-DE","Germany","Ladezyklus","CONCEPT_COMPONENT","OK","10","YES","ladezyklus | ladezyklus definition | ladezyklus akku | ladezyklus e auto | ladezyklus iphone | ladezyklus batteriespeicher | ladezyklus handy | ladezyklus pv speicher | ladezyklus batterie | ladezyklus ipad","Support signal only; not search volume, ranking, CTR, or proof that a term should replace another term."
"Akun kapasiteetti ja lataussyklit","fr-FR","France","capacitÃ© de la batterie","CONCEPT_COMPONENT","OK","10","NO","capacitï¿½ de la batterie | capacitï¿½ de la batterie iphone | capacitï¿½ de la batterie iphone 17 pro max | capacitï¿½ de la batterie iphone 13 | capacitï¿½ de la batterie iphone 16 pro max | capacitï¿½ de la batterie iphone 13 pro max | capacitï¿½ de la batterie iphone 17 | capacitï¿½ de la batterie iphone 14 pro max | capacitï¿½ de la batterie nc | capacitï¿½ de la batterie iphone 11","Support signal only; not search volume, ranking, CTR, or proof that a term should replace another term."
"Akun kapasiteetti ja lataussyklit","fr-FR","France","cycle de charge","CONCEPT_COMPONENT","OK","10","YES","cycle de charge iphone | cycle de charge | cycle de charge batterie lithium | cycle de charge batterie iphone | cycle de charge macbook | cycle de charge samsung | cycle de charge batterie samsung | cycle de charge batterie voiture | cycle de charge mac | cycle de charge iphone 13","Support signal only; not search volume, ranking, CTR, or proof that a term should replace another term."
"Akun kapasiteetti ja lataussyklit","es-ES","Spain","capacidad de la baterÃ­a","CONCEPT_COMPONENT","OK","10","NO","capacidad de la baterï¿½a | capacidad de la baterï¿½a del iphone 17 pro max | capacidad de la baterï¿½a 5000 mah | capacidad de la baterï¿½a del iphone 13 | capacidad de la baterï¿½a del iphone 15 pro max | capacidad de la baterï¿½a del iphone 11 | capacidad de la baterï¿½a del iphone 17 | capacidad de la baterï¿½a del samsung s25 ultra | capacidad de la baterï¿½a 5 ah | capacidad de la baterï¿½a del iphone 16 pro max","Support signal only; not search volume, ranking, CTR, or proof that a term should replace another term."
"Akun kapasiteetti ja lataussyklit","es-ES","Spain","ciclo de carga","CONCEPT_COMPONENT","OK","10","YES","ciclo de carga | ciclo de carga iphone | ciclo de carga de una bateria | ciclo de carga y descarga de una baterï¿½a | ciclo de carga macbook | ciclo de carga samsung | ciclo de carga iphone 14 | ciclo de carga iphone 13 | ciclo de carga xiaomi | ciclo de carga iphone 17 pro max","Support signal only; not search volume, ranking, CTR, or proof that a term should replace another term."
"Nopeasti tyhjenevÃ¤ akku","fi-FI","Finland","akku tyhjenee nopeasti","CURRENT_AND_RECOMMENDED","OK","10","YES","akku tyhjenee nopeasti | akku tyhjenee nopeasti auto | puhelimen akku tyhjenee nopeasti | samsung akku tyhjenee nopeasti | iphone akku tyhjenee nopeasti | miksi akku tyhjenee nopeasti | ipad akku tyhjenee nopeasti | tietokoneen akku tyhjenee nopeasti | tabletin akku tyhjenee nopeasti | airpods akku tyhjenee nopeasti","Support signal only; not search volume, ranking, CTR, or proof that a term should replace another term."
"Nopeasti tyhjenevÃ¤ akku","sv-SE","Sweden","batteriet laddas ur snabbt","CURRENT_AND_RECOMMENDED","OK","6","YES","batteriet laddas ur snabbt | batteriet laddar ur snabbt iphone | batteriet laddar ur snabbt bil | bilbatteriet laddar ur snabbt | batteriet laddas ut snabbt | batteriet laddar ur fort samsung","Support signal only; not search volume, ranking, CTR, or proof that a term should replace another term."
"Nopeasti tyhjenevÃ¤ akku","nb-NO","Norway","batteriet tÃ¸mmes raskt","CURRENT_AND_RECOMMENDED","OK","0","NO","","Support signal only; not search volume, ranking, CTR, or proof that a term should replace another term."
"Nopeasti tyhjenevÃ¤ akku","da-DK","Denmark","batteriet aflades hurtigt","CURRENT_AND_RECOMMENDED","OK","0","NO","","Support signal only; not search volume, ranking, CTR, or proof that a term should replace another term."
"Nopeasti tyhjenevÃ¤ akku","de-DE","Germany","Akku entlÃ¤dt sich schnell","CURRENT_AND_RECOMMENDED","OK","10","NO","akku entlï¿½dt sich schnell | akku entlï¿½dt sich schnell samsung | akku entlï¿½dt sich schnell iphone | akku entlï¿½dt sich schnell xiaomi | akku entlï¿½dt sich schnell laptop | akku entlï¿½dt sich schnell ï¿½ber nacht | akku entlï¿½dt sich schnell was tun | akku entlï¿½dt sich schnell nach update | akku entlï¿½dt sich schnell iphone 13 | akku entlï¿½dt sich schnell ipad","Support signal only; not search volume, ranking, CTR, or proof that a term should replace another term."
"Nopeasti tyhjenevÃ¤ akku","fr-FR","France","batterie qui se dÃ©charge vite","CURRENT_AND_RECOMMENDED","OK","10","NO","batterie qui se dï¿½charge vite | batterie qui se dï¿½charge vite samsung | batterie qui se dï¿½charge vite iphone | batterie qui se dï¿½charge vite voiture | batterie qui se dï¿½charge vite moto | batterie qui se dï¿½charge vite tï¿½lï¿½phone | batterie qui se dï¿½charge vite aprï¿½s changement ï¿½cran | batterie qui se dï¿½charge vite ordinateur portable | batterie qui se dï¿½charge vite xiaomi | batterie qui se decharge vite ios 26","Support signal only; not search volume, ranking, CTR, or proof that a term should replace another term."
"Nopeasti tyhjenevÃ¤ akku","es-ES","Spain","la baterÃ­a se agota rÃ¡pido","CURRENT_AND_RECOMMENDED","OK","8","NO","la baterï¿½a se agota rï¿½pido | porque la baterï¿½a se agota rï¿½pido | la baterï¿½a de mi celular se agota rï¿½pido | la bateria del iphone se agota rapido | por quï¿½ la baterï¿½a se agota tan rï¿½pido | la baterï¿½a de mi samsung se agota muy rï¿½pido | porque la baterï¿½a de mi celular se agota rï¿½pido | por quï¿½ la baterï¿½a del celular se agota rï¿½pido","Support signal only; not search volume, ranking, CTR, or proof that a term should replace another term."
"Puhelin ei lataudu","fi-FI","Finland","puhelin ei lataudu","CURRENT_AND_RECOMMENDED","OK","10","YES","puhelin ei lataudu | puhelin ei lataudu kunnolla | puhelin ei lataudu tï¿½yteen | puhelin ei lataudu samsung | puhelin ei lataudu iphone | miksi puhelin ei lataudu | kun puhelin ei lataudu | uusi puhelin ei lataudu | puhelin akku ei lataudu | android puhelin ei lataudu","Support signal only; not search volume, ranking, CTR, or proof that a term should replace another term."
"Puhelin ei lataudu","sv-SE","Sweden","telefonen laddar inte","CURRENT_AND_RECOMMENDED","OK","10","YES","telefonen laddar inte | telefonen laddar inte iphone | telefonen laddar inte samsung | mobil laddar inte | telefon laddar inte vatten | mobil laddar inte iphone | mobil laddar inte fullt | telefonen startar inte | mobilen laddar inte i bilen | doro telefon laddar inte","Support signal only; not search volume, ranking, CTR, or proof that a term should replace another term."
"Puhelin ei lataudu","nb-NO","Norway","telefonen lader ikke","CURRENT_AND_RECOMMENDED","OK","3","YES","telefonen lader ikke | telefonen lader ikke iphone | hvorfor lader telefonen ikke","Support signal only; not search volume, ranking, CTR, or proof that a term should replace another term."
"Puhelin ei lataudu","da-DK","Denmark","telefonen vil ikke lade op","CURRENT_AND_RECOMMENDED","OK","0","NO","","Support signal only; not search volume, ranking, CTR, or proof that a term should replace another term."
"Puhelin ei lataudu","de-DE","Germany","Smartphone lÃ¤dt nicht","CURRENT_AND_RECOMMENDED","OK","10","NO","smartphone lï¿½dt nicht | smartphone lï¿½dt nicht mehr | smartphone lï¿½dt nicht richtig | smartphone lï¿½dt nicht im auto | smartphone lï¿½dt nicht mehr schnell | smartphone lï¿½dt nicht mehr bis 100 | smartphone lï¿½dt nicht mehr was tun | smartphone lï¿½dt nicht feuchtigkeit | smartphone lï¿½dt nicht mehr vollstï¿½ndig | smartphone lï¿½dt nicht mehr an steckdose","Support signal only; not search volume, ranking, CTR, or proof that a term should replace another term."
"Puhelin ei lataudu","fr-FR","France","tÃ©lÃ©phone qui ne se recharge pas","CURRENT_AND_RECOMMENDED","OK","5","NO","telephone qui ne charge pas | batterie qui ne se recharge pas | iphone qui ne se recharge pas | batterie qui ne se recharge pas en roulant | ipad qui ne se recharge pas","Support signal only; not search volume, ranking, CTR, or proof that a term should replace another term."
"Puhelin ei lataudu","es-ES","Spain","el mÃ³vil no carga","CURRENT_AND_RECOMMENDED","OK","10","NO","el mï¿½vil no carga con ningï¿½n cargador | el mï¿½vil no carga | el mï¿½vil no carga bien | el mï¿½vil no carga ni enciende | el mï¿½vil no carga y no se enciende | el movil no carga la bateria | el mï¿½vil no carga samsung | porque el mï¿½vil no carga | el movil no me carga rapido | el mï¿½vil carga muy lento","Support signal only; not search volume, ranking, CTR, or proof that a term should replace another term."
"Laturit ja latausnopeus","fi-FI","Finland","latausnopeus","CONCEPT_COMPONENT","OK","10","YES","latausnopeus | latausnopeus testi | latausnopeus sï¿½hkï¿½auto | latausnopeus dna | latausnopeus 22kw | latausnopeus 5c | latausnopeus ja lï¿½hetysnopeus | latausnopeus elisa | latausnopeus laskuri | latausnopeus netti","Support signal only; not search volume, ranking, CTR, or proof that a term should replace another term."
"Laturit ja latausnopeus","fi-FI","Finland","laturi","CONCEPT_COMPONENT","OK","10","YES","laturi | laturi dna | laturin vapaakytkin | laturi oulun yliopisto | laturi usb c | laturi englanniksi | laturi oulu | laturin hihna | laturin johto | laturin hiilet","Support signal only; not search volume, ranking, CTR, or proof that a term should replace another term."
"Laturit ja latausnopeus","sv-SE","Sweden","laddningshastighet","CONCEPT_COMPONENT","OK","10","YES","laddningshastighet | laddningshastighet elbil | laddningshastighet km/h | laddningshastighet ex40 | laddningshastighet volvo xc40 | laddningshastighet id4 | laddningshastighet tesla | laddningshastighet polestar 2 | laddningshastighet tesla model y | laddningshastighet polestar 4","Support signal only; not search volume, ranking, CTR, or proof that a term should replace another term."
"Laturit ja latausnopeus","sv-SE","Sweden","laddare","CONCEPT_COMPONENT","OK","10","YES","laddare | laddare elbil | laddare samsung | laddare iphone | laddare usb c | laddare iphone 17 | laddare apple watch | laddare iphone 16 | laddare elsparkcykel | laddare iphone 15","Support signal only; not search volume, ranking, CTR, or proof that a term should replace another term."
"Laturit ja latausnopeus","nb-NO","Norway","ladehastighet","CONCEPT_COMPONENT","OK","10","YES","ladehastighet | ladehastighet tesla model y | ladehastighet elbil | ladehastighet skoda enyaq | ladehastighet id 4 | ladehastighet polestar 2 | ladehastighet polestar 4 | ladehastighet byd sealion 7 | ladehastighet volvo ex40 | ladehastighet tesla model y juniper","Support signal only; not search volume, ranking, CTR, or proof that a term should replace another term."
"Laturit ja latausnopeus","nb-NO","Norway","lader","CONCEPT_COMPONENT","OK","10","YES","lader elbil | lader | lader iphone | lader garmin klokke | lader apple watch | lader til elsparkesykkel | lader iphone 17 | lader samsung | lader usb c | lader iphone 15","Support signal only; not search volume, ranking, CTR, or proof that a term should replace another term."
"Laturit ja latausnopeus","da-DK","Denmark","opladningshastighed","CONCEPT_COMPONENT","OK","10","YES","opladningshastighed | opladningshastighed elbil | opladningshastighed id 4 | opladningshastighed km/t | opladningshastighed tesla y | opladningshastighed begrï¿½nset af ladestation | opladningshastighed polestar 2 | opladningshastighed skoda enyaq | opladningshastighed begrï¿½nset af ladestation tesla | opladningshastighed iphone","Support signal only; not search volume, ranking, CTR, or proof that a term should replace another term."
"Laturit ja latausnopeus","da-DK","Denmark","oplader","CONCEPT_COMPONENT","OK","10","YES","oplader til iphone | oplader | oplader til bil | oplader til samsung | oplader usb c | oplader til iphone 17 | oplader til macbook | oplader til garmin ur | oplader iphone | oplader til apple watch","Support signal only; not search volume, ranking, CTR, or proof that a term should replace another term."
"Laturit ja latausnopeus","de-DE","Germany","Ladegeschwindigkeit","CONCEPT_COMPONENT","OK","10","YES","ladegeschwindigkeit | ladegeschwindigkeit handy | ladegeschwindigkeit e auto | ladegeschwindigkeit tesla model y | ladegeschwindigkeit enyaq 85 | ladegeschwindigkeit iphone | ladegeschwindigkeit skoda enyaq | ladegeschwindigkeit id7 | ladegeschwindigkeit skoda elroq 85 | ladegeschwindigkeit iphone 17 pro","Support signal only; not search volume, ranking, CTR, or proof that a term should replace another term."
"Laturit ja latausnopeus","de-DE","Germany","LadegerÃ¤t","CONCEPT_COMPONENT","OK","10","NO","ladegerï¿½t | ladegerï¿½t autobatterie | ladegerï¿½t handy | ladegerï¿½t usb c | ladegerï¿½t iphone | ladegerï¿½t auto | ladegerï¿½t samsung | ladegerï¿½t fï¿½r batterien | ladegerï¿½t bosch ebike | ladegerï¿½t apple watch","Support signal only; not search volume, ranking, CTR, or proof that a term should replace another term."
"Laturit ja latausnopeus","fr-FR","France","vitesse de recharge","CONCEPT_COMPONENT","OK","10","YES","vitesse de recharge voiture ï¿½lectrique | vitesse de recharge tesla model y | vitesse de recharge renault 5 | vitesse de recharge | vitesse de recharge equinox ev | vitesse de recharge tesla model 3 | vitesse de recharge kia ev4 | vitesse de recharge tesla | vitesse de recharge id4 | vitesse de recharge mg4","Support signal only; not search volume, ranking, CTR, or proof that a term should replace another term."
"Laturit ja latausnopeus","fr-FR","France","chargeur","CONCEPT_COMPONENT","OK","10","YES","chargeur iphone | chargeur batterie voiture | chargeur | chargeur batterie | chargeur samsung | chargeur rapide iphone | chargeur usb c | chargeur apple | chargeur type c | chargeur voiture electrique","Support signal only; not search volume, ranking, CTR, or proof that a term should replace another term."
"Laturit ja latausnopeus","es-ES","Spain","velocidad de carga","CONCEPT_COMPONENT","OK","10","YES","velocidad de carga | velocidad de carga y descarga | velocidad de carga de una pagina web | velocidad de carga iphone 17 | velocidad de carga iphone 17 pro max | velocidad de carga s26 ultra | velocidad de carga de internet | velocidad de carga iphone 15 pro max | velocidad de carga s25 ultra | velocidad de carga y descarga de internet","Support signal only; not search volume, ranking, CTR, or proof that a term should replace another term."
"Laturit ja latausnopeus","es-ES","Spain","cargador","CONCEPT_COMPONENT","OK","10","YES","cargador iphone | cargador portatil | cargador iphone original | cargador tipo c | cargador inalambrico | cargador samsung | cargador | cargador inalambrico iphone | cargador de baterias | cargador samsung original","Support signal only; not search volume, ranking, CTR, or proof that a term should replace another term."
"Ylikuumeneminen ja lÃ¤mpÃ¶tila","fi-FI","Finland","ylikuumeneminen","CONCEPT_COMPONENT","OK","10","YES","ylikuumeneminen | ylikuumeneminen ihminen | ylikuumeneminen talous | ylikuumeneminen oireet | ylikuumeneminen englanniksi | talouden ylikuumeneminen | moottorin ylikuumeneminen | kehon ylikuumeneminen | ps5 ylikuumeneminen | puhelimen ylikuumeneminen","Support signal only; not search volume, ranking, CTR, or proof that a term should replace another term."
"Ylikuumeneminen ja lÃ¤mpÃ¶tila","fi-FI","Finland","puhelin kuumenee","CONCEPT_COMPONENT","OK","10","YES","puhelin kuumenee | puhelin kuumenee ladatessa | puhelin kuumenee ladattaessa | puhelin kuumenee kï¿½ytï¿½ssï¿½ | puhelin kuumenee latauksessa | puhelin kuumenee pelatessa | puhelin kuumenee nopeasti | puhelin kuumenee itsestï¿½ï¿½n | puhelin kuumenee ja akku tyhjenee | puhelin kuumenee oneplus","Support signal only; not search volume, ranking, CTR, or proof that a term should replace another term."
"Ylikuumeneminen ja lÃ¤mpÃ¶tila","sv-SE","Sweden","Ã¶verhettning","CONCEPT_COMPONENT","OK","10","NO","ï¿½verhettningsskydd | ï¿½verhettningsskydd varmvattenberedare nibe | ï¿½verhettningsskydd varmvattenberedare | ï¿½verhettning | ï¿½verhettningsskydd elpatron | ï¿½verhettningsskydd torktumlare | ï¿½verhettningsskydd alde 3020 | ï¿½verhettningsskydd nibe eminent | ï¿½verhettning kylteknik | ï¿½verhettningsskydd spis","Support signal only; not search volume, ranking, CTR, or proof that a term should replace another term."
"Ylikuumeneminen ja lÃ¤mpÃ¶tila","sv-SE","Sweden","telefonen blir varm","CONCEPT_COMPONENT","OK","10","YES","telefonen blir varm | telefonen blir varm iphone | telefonen blir varm vid laddning | telefonen blir varm vid anvï¿½ndning | mobiltelefonen blir varm | telefon blir varm och drar batteri | telefon blir varm och drar batteri iphone | telefonen ï¿½r varm | mobilen blir varm nï¿½r jag laddar | om telefonen blir varm","Support signal only; not search volume, ranking, CTR, or proof that a term should replace another term."
"Ylikuumeneminen ja lÃ¤mpÃ¶tila","nb-NO","Norway","overoppheting","CONCEPT_COMPONENT","OK","10","YES","overoppheting | overoppheting baby | overoppheting barn | overoppheting symptomer | overopphetingssikring komfyr | overoppheting hund | overoppheting gravid | overoppheting baby symptomer | overopphetingsvern | overopphetingsvern varmtvannsbereder","Support signal only; not search volume, ranking, CTR, or proof that a term should replace another term."
"Ylikuumeneminen ja lÃ¤mpÃ¶tila","nb-NO","Norway","telefonen blir varm","CONCEPT_COMPONENT","OK","10","YES","telefonen blir varm | telefonen blir varm under lading | telefonen blir varm iphone | telefonen blir varm ved lading | telefonen blir varm ved bruk | telefonen blir varm vid laddning | telefonen blir veldig varm | telefonen blir fort varm | nï¿½r telefonen blir varm | hvorfor blir telefonen varm","Support signal only; not search volume, ranking, CTR, or proof that a term should replace another term."
"Ylikuumeneminen ja lÃ¤mpÃ¶tila","da-DK","Denmark","overophedning","CONCEPT_COMPONENT","OK","10","YES","overophedning | overophedning ï¿½konomi | overophedningssikring ovn | overophedning symptomer | overophedning baby | overophedning synonym | overophedning barn | overophedning bï¿½rn | overophedning af ï¿½konomien | overophedningssikring gorenje ovn","Support signal only; not search volume, ranking, CTR, or proof that a term should replace another term."
"Ylikuumeneminen ja lÃ¤mpÃ¶tila","da-DK","Denmark","telefonen bliver varm","CONCEPT_COMPONENT","OK","4","YES","telefonen bliver varm | nï¿½r telefonen bliver varm | telefonen bliver meget varm | hvorfor bliver telefonen varm","Support signal only; not search volume, ranking, CTR, or proof that a term should replace another term."
"Ylikuumeneminen ja lÃ¤mpÃ¶tila","de-DE","Germany","Ãœberhitzung","CONCEPT_COMPONENT","OK","10","NO","ï¿½berhitzung baby | ï¿½berhitzung | ï¿½berhitzung symptome | ï¿½berhitzungsschutz | ï¿½berhitzung baby symptome | ï¿½berhitzung hund | ï¿½berhitzung kind | ï¿½berhitzung kï¿½rper | ï¿½berhitzung handy | ï¿½berhitzung messen","Support signal only; not search volume, ranking, CTR, or proof that a term should replace another term."
"Ylikuumeneminen ja lÃ¤mpÃ¶tila","de-DE","Germany","Smartphone wird heiÃŸ","CONCEPT_COMPONENT","OK","10","NO","smartphone wird heiï¿½ | smartphone wird heiï¿½ beim laden | smartphone wird heiï¿½ beim telefonieren | smartphone wird heiï¿½ was tun | smartphone wird heiï¿½ akku schnell leer | smartphone wird heiï¿½ beim spielen | smartphone wird heiï¿½ bei android auto | smartphone wird heiï¿½ ohne benutzung | smartphone akku wird heiï¿½ | samsung smartphone wird heiï¿½","Support signal only; not search volume, ranking, CTR, or proof that a term should replace another term."
"Ylikuumeneminen ja lÃ¤mpÃ¶tila","fr-FR","France","surchauffe","CONCEPT_COMPONENT","OK","10","YES","surchauffe moteur | surchauffe | surchauffe ps5 | surchauffe et sous refroidissement | surchauffe moteur cause | surchauffe telephone | surchauffe pokemon | surchauffe iphone | surchauffe nathan devers | surchauffe moteur sans voyant","Support signal only; not search volume, ranking, CTR, or proof that a term should replace another term."
"Ylikuumeneminen ja lÃ¤mpÃ¶tila","fr-FR","France","tÃ©lÃ©phone qui chauffe","CONCEPT_COMPONENT","OK","10","NO","tï¿½lï¿½phone qui chauffe | tï¿½lï¿½phone qui chauffe en charge | tï¿½lï¿½phone qui chauffe que faire | tï¿½lï¿½phone qui chauffe beaucoup | tï¿½lï¿½phone qui chauffe samsung | tï¿½lï¿½phone qui chauffe le moins | tï¿½lï¿½phone qui chauffe vite | tï¿½lï¿½phone qui chauffe et se dï¿½charge vite | tï¿½lï¿½phone qui chauffe en charge iphone | tï¿½lï¿½phone qui chauffe aprï¿½s changement ï¿½cran","Support signal only; not search volume, ranking, CTR, or proof that a term should replace another term."
"Ylikuumeneminen ja lÃ¤mpÃ¶tila","es-ES","Spain","sobrecalentamiento","CONCEPT_COMPONENT","OK","10","YES","sobrecalentamiento | sobrecalentamiento del motor | sobrecalentamiento de celular | sobrecalentamiento ps5 | sobrecalentamiento refrigeraciï¿½n | sobrecalentamiento en bebes | sobrecalentamiento global | sobrecalentamiento samsung | sobrecalentamiento y subenfriamiento | sobrecalentamiento iphone","Support signal only; not search volume, ranking, CTR, or proof that a term should replace another term."
"Ylikuumeneminen ja lÃ¤mpÃ¶tila","es-ES","Spain","el mÃ³vil se calienta","CONCEPT_COMPONENT","OK","10","NO","el mï¿½vil se calienta mucho | el mï¿½vil se calienta y no carga | el mï¿½vil se calienta | el mï¿½vil se calienta cuando lo cargo | el mï¿½vil se calienta y gasta la baterï¿½a | el mï¿½vil se calienta con la funda | el mï¿½vil se calienta sin usar | el movil se calienta solo | porque el movil se calienta | porque el movil se calienta mucho","Support signal only; not search volume, ranking, CTR, or proof that a term should replace another term."
"Thermal throttling","fi-FI","Finland","lÃ¤mpÃ¶tilasta johtuva suorituskyvyn rajoittaminen","CURRENT_AND_RECOMMENDED","OK","0","NO","","Support signal only; not search volume, ranking, CTR, or proof that a term should replace another term."
"Thermal throttling","sv-SE","Sweden","termisk strypning","CURRENT_AND_RECOMMENDED","OK","0","NO","","Support signal only; not search volume, ranking, CTR, or proof that a term should replace another term."
"Thermal throttling","nb-NO","Norway","termisk struping","CURRENT_AND_RECOMMENDED","OK","0","NO","","Support signal only; not search volume, ranking, CTR, or proof that a term should replace another term."
"Thermal throttling","da-DK","Denmark","termisk begrÃ¦nsning","CURRENT_AND_RECOMMENDED","OK","0","NO","","Support signal only; not search volume, ranking, CTR, or proof that a term should replace another term."
"Thermal throttling","de-DE","Germany","thermische Drosselung","CURRENT_AND_RECOMMENDED","OK","4","YES","thermische drosselung | thermische kern drosselung | cpu thermische drosselung | thermische paket ring drosselung","Support signal only; not search volume, ranking, CTR, or proof that a term should replace another term."
"Thermal throttling","fr-FR","France","bridage thermique","CURRENT_AND_RECOMMENDED","OK","0","NO","","Support signal only; not search volume, ranking, CTR, or proof that a term should replace another term."
"Thermal throttling","es-ES","Spain","limitaciÃ³n tÃ©rmica","CURRENT_AND_RECOMMENDED","OK","1","NO","limitaciï¿½n tï¿½rmica","Support signal only; not search volume, ranking, CTR, or proof that a term should replace another term."
"Hidas Android-puhelin","fi-FI","Finland","hidas Android-puhelin","CURRENT_AND_RECOMMENDED","OK","1","NO","android puhelin hidas","Support signal only; not search volume, ranking, CTR, or proof that a term should replace another term."
"Hidas Android-puhelin","sv-SE","Sweden","lÃ¥ngsam Android-telefon","CURRENT_AND_RECOMMENDED","OK","0","NO","","Support signal only; not search volume, ranking, CTR, or proof that a term should replace another term."
"Hidas Android-puhelin","nb-NO","Norway","treg Android-telefon","CURRENT_AND_RECOMMENDED","OK","1","NO","treg android telefon","Support signal only; not search volume, ranking, CTR, or proof that a term should replace another term."
"Hidas Android-puhelin","da-DK","Denmark","langsom Android-telefon","CURRENT_AND_RECOMMENDED","OK","1","NO","langsom android telefon","Support signal only; not search volume, ranking, CTR, or proof that a term should replace another term."
"Hidas Android-puhelin","de-DE","Germany","langsames Android-Smartphone","CURRENT_AND_RECOMMENDED","OK","0","NO","","Support signal only; not search volume, ranking, CTR, or proof that a term should replace another term."
"Hidas Android-puhelin","fr-FR","France","smartphone Android lent","CURRENT_AND_RECOMMENDED","OK","7","YES","smartphone android lent | smartphone android lento | tï¿½lï¿½phone android lent | tï¿½lï¿½phone android lent que faire | telephone android trop lent | android smartphone slow | smartphone android lento cosa fare","Support signal only; not search volume, ranking, CTR, or proof that a term should replace another term."
"Hidas Android-puhelin","es-ES","Spain","mÃ³vil Android lento","CURRENT_AND_RECOMMENDED","OK","2","NO","movil android lento | internet movil lento android","Support signal only; not search volume, ranking, CTR, or proof that a term should replace another term."
"Tallennustilan tÃ¤yttyminen","fi-FI","Finland","tallennustila on tÃ¤ynnÃ¤","CURRENT_AND_RECOMMENDED","OK","6","NO","miksi tallennustila on tï¿½ynnï¿½ | tallennustila tï¿½ynnï¿½ | tallennustila tï¿½ynnï¿½ huijaus | tallennustila tï¿½ynnï¿½ iphone | mitï¿½ tehdï¿½ jos tallennustila on tï¿½ynnï¿½ | mitï¿½ tehdï¿½ kun tallennustila on tï¿½ynnï¿½","Support signal only; not search volume, ranking, CTR, or proof that a term should replace another term."
"Tallennustilan tÃ¤yttyminen","sv-SE","Sweden","lagringsutrymmet Ã¤r fullt","CURRENT_AND_RECOMMENDED","OK","9","NO","lagringsutrymmet ï¿½r fullt | minnet ï¿½r fullt | minnet ï¿½r fullt iphone | minnet ï¿½r fullt youtube | lagringsutrymmet ï¿½r nï¿½stan fullt | lagringsutrymmet fullt | lagringsutrymmet fullt iphone | lagringsutrymmet fullt outlook | iphone sï¿½ger att lagringsutrymmet ï¿½r fullt","Support signal only; not search volume, ranking, CTR, or proof that a term should replace another term."
"Tallennustilan tÃ¤yttyminen","nb-NO","Norway","lagringen er full","CURRENT_AND_RECOMMENDED","OK","1","NO","icloud lagringen din er full svindel","Support signal only; not search volume, ranking, CTR, or proof that a term should replace another term."
"Tallennustilan tÃ¤yttyminen","da-DK","Denmark","lagerpladsen er fuld","CURRENT_AND_RECOMMENDED","OK","0","NO","","Support signal only; not search volume, ranking, CTR, or proof that a term should replace another term."
"Tallennustilan tÃ¤yttyminen","de-DE","Germany","Smartphone-Speicher ist voll","CURRENT_AND_RECOMMENDED","OK","4","NO","smartphone speicher ist voll | smartphone speicher voll was tun | smartphone speicher voll obwohl alles gelï¿½scht | smartphone speicher fast voll was tun","Support signal only; not search volume, ranking, CTR, or proof that a term should replace another term."
"Tallennustilan tÃ¤yttyminen","fr-FR","France","stockage plein","CURRENT_AND_RECOMMENDED","OK","10","YES","stockage plein | stockage plein iphone | stockage plein whatsapp | stockage plein outlook | stockage plein microsoft | stockage plein samsung | stockage plein que faire | stockage plein gmail | stockage plein android | stockage plein garmin","Support signal only; not search volume, ranking, CTR, or proof that a term should replace another term."
"Tallennustilan tÃ¤yttyminen","es-ES","Spain","almacenamiento lleno","CURRENT_AND_RECOMMENDED","OK","10","YES","almacenamiento lleno | almacenamiento lleno iphone | almacenamiento lleno whatsapp | almacenamiento lleno gmail | almacenamiento lleno whatsapp iphone | almacenamiento lleno google | almacenamiento lleno en tarjeta sim | almacenamiento lleno outlook | almacenamiento lleno en mi celular | almacenamiento lleno google fotos","Support signal only; not search volume, ranking, CTR, or proof that a term should replace another term."
"Tallennustilan kunto","fi-FI","Finland","tallennustilan kunto","CURRENT_AND_RECOMMENDED","OK","0","NO","","Support signal only; not search volume, ranking, CTR, or proof that a term should replace another term."
"Tallennustilan kunto","sv-SE","Sweden","lagringens skick","CURRENT_AND_RECOMMENDED","OK","0","NO","","Support signal only; not search volume, ranking, CTR, or proof that a term should replace another term."
"Tallennustilan kunto","nb-NO","Norway","lagringens tilstand","CURRENT_AND_RECOMMENDED","OK","0","NO","","Support signal only; not search volume, ranking, CTR, or proof that a term should replace another term."
"Tallennustilan kunto","da-DK","Denmark","lagerets tilstand","CURRENT_AND_RECOMMENDED","OK","0","NO","","Support signal only; not search volume, ranking, CTR, or proof that a term should replace another term."
"Tallennustilan kunto","de-DE","Germany","Speicherzustand","CURRENT_AND_RECOMMENDED","OK","0","NO","","Support signal only; not search volume, ranking, CTR, or proof that a term should replace another term."
"Tallennustilan kunto","fr-FR","France","Ã©tat du stockage","CURRENT_AND_RECOMMENDED","OK","2","NO","verification de l etat du stockage systeme ps4 | vï¿½rification de l ï¿½tat du stockage systï¿½me en cours ps4","Support signal only; not search volume, ranking, CTR, or proof that a term should replace another term."
"Tallennustilan kunto","es-ES","Spain","estado del almacenamiento","CURRENT_AND_RECOMMENDED","OK","4","YES","estado del almacenamiento | estado almacenamiento google | comprobando estado del almacenamiento del sistema ps4 | comprobando estado del almacenamiento del sistema","Support signal only; not search volume, ranking, CTR, or proof that a term should replace another term."
"Wi-Fi-ongelmat","fi-FI","Finland","Wi-Fi-yhteysongelmat","CURRENT_AND_RECOMMENDED","OK","0","NO","","Support signal only; not search volume, ranking, CTR, or proof that a term should replace another term."
"Wi-Fi-ongelmat","sv-SE","Sweden","Wi-Fi-problem","CURRENT_AND_RECOMMENDED","OK","9","NO","wi fi problems in my area | wi fi problem | wi fi problem solution | wi fi problems today | wi fi problem solve | wi fi problems with phone settings | wi fi problema de autenticaï¿½ï¿½o | wi fi problema | wi fi problemi","Support signal only; not search volume, ranking, CTR, or proof that a term should replace another term."
"Wi-Fi-ongelmat","nb-NO","Norway","Wi-Fi-problemer","CURRENT_AND_RECOMMENDED","OK","1","NO","wi fi problemer","Support signal only; not search volume, ranking, CTR, or proof that a term should replace another term."
"Wi-Fi-ongelmat","da-DK","Denmark","Wi-Fi-problemer","CURRENT_AND_RECOMMENDED","OK","1","NO","wi fi problemer","Support signal only; not search volume, ranking, CTR, or proof that a term should replace another term."
"Wi-Fi-ongelmat","de-DE","Germany","WLAN-Probleme","CURRENT_AND_RECOMMENDED","OK","10","NO","wlan-probleme fritzbox | wlan probleme | wlan probleme telekom | wlan probleme heute | wlan probleme vodafone | wlan probleme fritzbox 7590 | wlan probleme o2 | wlan probleme iphone | wlan probleme windows 11 | wlan probleme ps5","Support signal only; not search volume, ranking, CTR, or proof that a term should replace another term."
"Wi-Fi-ongelmat","fr-FR","France","problÃ¨mes Wi-Fi","CURRENT_AND_RECOMMENDED","OK","2","NO","problï¿½me wi fi | issues with wi fi","Support signal only; not search volume, ranking, CTR, or proof that a term should replace another term."
"Wi-Fi-ongelmat","es-ES","Spain","problemas de Wi-Fi","CURRENT_AND_RECOMMENDED","OK","8","NO","problemas de wi fi | solucionar problemas de wi fi | problemas de conexiï¿½n wi fi | solucionar problemas de conexiï¿½n wi fi en windows | problemas wi fi claro | problemas wi fi vivo | como resolver problemas de wi fi | corrigir problemas de conexï¿½o wi fi no windows","Support signal only; not search volume, ranking, CTR, or proof that a term should replace another term."
"Mobiiliverkko ja signaalin voimakkuus","fi-FI","Finland","signaalin voimakkuus","CONCEPT_COMPONENT","OK","10","YES","signaalin voimakkuus | signaalin voimakkuus tv | signaalin voimakkuus mittari | signaalin voimakkuus db | signaalin voimakkuus dbm | signaalin voimakkuus asu | signaalin voimakkuus testi | signaalin voimakkuus puhelimessa | signaalin voimakkuus 5g | tv signaalin voimakkuus mittari","Support signal only; not search volume, ranking, CTR, or proof that a term should replace another term."
"Mobiiliverkko ja signaalin voimakkuus","fi-FI","Finland","mobiilisignaali","CONCEPT_COMPONENT","OK","6","YES","mobiilisignaali | mobiilisignaalin tarkistus | mobiilisignaalin vahvistin | alueen mobiilisignaali | elisa mobiilisignaali | telia mobiilisignaali","Support signal only; not search volume, ranking, CTR, or proof that a term should replace another term."
"Mobiiliverkko ja signaalin voimakkuus","sv-SE","Sweden","signalstyrka","CONCEPT_COMPONENT","OK","10","YES","signalstyrka wifi | signalstyrkan | signalstyrka | signalstyrka 5g | signalstyrka dbm | signalstyrkan ab | signalstyrka 4g | signalstyrka parabol | signalstyrka mobilt bredband | signalstyrka samsung tv","Support signal only; not search volume, ranking, CTR, or proof that a term should replace another term."
"Mobiiliverkko ja signaalin voimakkuus","sv-SE","Sweden","mobilsignal","CONCEPT_COMPONENT","OK","10","YES","mobilsignal fï¿½rstï¿½rkare | mobilsignaler | mobilsignal fï¿½rstï¿½rkare 5g | mobilsignal | mobilsignal fï¿½rstï¿½rkare telia | mobilsignaler gratis | mobilsignal fï¿½rstï¿½rkare inomhus | mobilsignal repeater | mobilsignaler lï¿½tar | mobilsignal fï¿½rstï¿½rkare 12v","Support signal only; not search volume, ranking, CTR, or proof that a term should replace another term."
"Mobiiliverkko ja signaalin voimakkuus","nb-NO","Norway","signalstyrke","CONCEPT_COMPONENT","OK","10","YES","signalstyrke wifi | signalstyrke | signalstyrke mobil | signalstyrke 5g | signalstyrke mï¿½ler | signalstyrke tv | signalstyrke samsung tv | signalstyrke iphone | signalstyrke dbm | signalstyrke parabol","Support signal only; not search volume, ranking, CTR, or proof that a term should replace another term."
"Mobiiliverkko ja signaalin voimakkuus","nb-NO","Norway","mobilsignal","CONCEPT_COMPONENT","OK","10","YES","mobilsignal forsterker | mobilsignaler | mobilsignal | mobilsignal fï¿½rstï¿½rkare 5g | mobilsignal fï¿½rstï¿½rkare bï¿½st i test | mobilsignal fï¿½rstï¿½rkare | mobilsignal kart | mobilsignal test | mobilsignal booster | mobilsignal repeater","Support signal only; not search volume, ranking, CTR, or proof that a term should replace another term."
"Mobiiliverkko ja signaalin voimakkuus","da-DK","Denmark","signalstyrke","CONCEPT_COMPONENT","OK","10","YES","signalstyrke wifi | signalstyrke | signalstyrkemï¿½ler | signalstyrke samsung tv | signalstyrke 5g | signalstyrke lg tv | signalstyrke mobil | signalstyrke iphone | signalstyrke tv | signalstyrke dbm","Support signal only; not search volume, ranking, CTR, or proof that a term should replace another term."
"Mobiiliverkko ja signaalin voimakkuus","da-DK","Denmark","mobilsignal","CONCEPT_COMPONENT","OK","10","YES","mobilsignal | mobilsignal forstï¿½rker | mobilsignal booster | mobilsignaler | mobilsignal fï¿½rstï¿½rkare bï¿½st i test | mobilsignal test | mobilnetvï¿½rk nede | mobilsignal kort | mobilsignal e | mobilsignal fï¿½rstï¿½rkare inomhus","Support signal only; not search volume, ranking, CTR, or proof that a term should replace another term."
"Mobiiliverkko ja signaalin voimakkuus","de-DE","Germany","SignalstÃ¤rke","CONCEPT_COMPONENT","OK","10","NO","signalstï¿½rke wlan | signalstï¿½rke wlan messen | signalstï¿½rke | signalstï¿½rke dbm | signalstï¿½rke messen | signalstï¿½rke sat | signalstï¿½rke dbm wlan | signalstï¿½rke mobilfunk messen | signalstï¿½rke mobilfunk | signalstï¿½rke tv","Support signal only; not search volume, ranking, CTR, or proof that a term should replace another term."
"Mobiiliverkko ja signaalin voimakkuus","de-DE","Germany","Mobilfunksignal","CONCEPT_COMPONENT","OK","10","YES","mobilfunksignal verstï¿½rken | mobilfunksignal messen | mobilfunksignal | mobilfunk signalverstï¿½rker | mobilfunk signalverstï¿½rker 5g | mobilfunk signalstï¿½rke messen | mobilfunk signalstï¿½rke messen android | mobilfunk signalstï¿½rke messen app | mobilfunk signalstï¿½rke | mobilfunk signalverstï¿½rker test","Support signal only; not search volume, ranking, CTR, or proof that a term should replace another term."
"Mobiiliverkko ja signaalin voimakkuus","fr-FR","France","puissance du signal","CONCEPT_COMPONENT","OK","10","YES","puissance du signal wifi | puissance du signal | puissance du signal fallout 76 | force du signal wifi | force du signal | force du signal dbm android | force du signal cellulaire | qualitï¿½ du signal tv | qualitï¿½ du signal wifi | force du signal carte sim","Support signal only; not search volume, ranking, CTR, or proof that a term should replace another term."
"Mobiiliverkko ja signaalin voimakkuus","fr-FR","France","signal mobile","CONCEPT_COMPONENT","OK","10","YES","signal mobile | signal mobile checker | signal mobile booster | signal mobile test | signal mobile jammer | rï¿½seau mobile | rï¿½seau mobile non disponible | rï¿½seau mobile orange | rï¿½seau mobile non disponible free | rï¿½seau mobile free","Support signal only; not search volume, ranking, CTR, or proof that a term should replace another term."
"Mobiiliverkko ja signaalin voimakkuus","es-ES","Spain","intensidad de la seÃ±al","CONCEPT_COMPONENT","OK","10","NO","intensidad de la seï¿½al | intensidad de la seï¿½al wifi | intensidad de la seï¿½al celular | intensidad de la seï¿½al movil | intensidad de la seï¿½al de internet | intensidad de la seï¿½al dbm | intensidad de la seï¿½al fallout 76 | intensidad de la seï¿½al dbm asu | intensidad de la seï¿½al rssi | intensidad de la seï¿½al sim","Support signal only; not search volume, ranking, CTR, or proof that a term should replace another term."
"Mobiiliverkko ja signaalin voimakkuus","es-ES","Spain","seÃ±al mÃ³vil","CONCEPT_COMPONENT","OK","10","NO","seï¿½al movil | seï¿½al mï¿½vil desactivada | seï¿½al movil exito | seï¿½al movil movistar | seï¿½al movil claro | seï¿½al movil satelital | seï¿½al movil entel | seï¿½al movil tigo | seï¿½al movil mundo | seï¿½al movil en ingles","Support signal only; not search volume, ranking, CTR, or proof that a term should replace another term."
"Internetyhteyden hitaus","fi-FI","Finland","hidas internetyhteys puhelimessa","CURRENT_AND_RECOMMENDED","OK","0","NO","","Support signal only; not search volume, ranking, CTR, or proof that a term should replace another term."
"Internetyhteyden hitaus","sv-SE","Sweden","lÃ¥ngsamt internet pÃ¥ telefonen","CURRENT_AND_RECOMMENDED","OK","0","NO","","Support signal only; not search volume, ranking, CTR, or proof that a term should replace another term."
"Internetyhteyden hitaus","nb-NO","Norway","tregt internett pÃ¥ telefonen","CURRENT_AND_RECOMMENDED","OK","0","NO","","Support signal only; not search volume, ranking, CTR, or proof that a term should replace another term."
"Internetyhteyden hitaus","da-DK","Denmark","langsomt internet pÃ¥ telefonen","CURRENT_AND_RECOMMENDED","OK","0","NO","","Support signal only; not search volume, ranking, CTR, or proof that a term should replace another term."
"Internetyhteyden hitaus","de-DE","Germany","langsames Internet auf dem Smartphone","CURRENT_AND_RECOMMENDED","OK","1","NO","langsames internet smartphone","Support signal only; not search volume, ranking, CTR, or proof that a term should replace another term."
"Internetyhteyden hitaus","fr-FR","France","connexion Internet lente sur tÃ©lÃ©phone","CURRENT_AND_RECOMMENDED","OK","2","NO","connexion internet lente telephone | connexion wifi lente sur ordinateur portable","Support signal only; not search volume, ranking, CTR, or proof that a term should replace another term."
"Internetyhteyden hitaus","es-ES","Spain","Internet lento en el mÃ³vil","CURRENT_AND_RECOMMENDED","OK","4","NO","internet lento en el mï¿½vil | me va lento internet en el mï¿½vil iphone | me va lento internet en el mï¿½vil vodafone | porque va lento el internet en el mï¿½vil","Support signal only; not search volume, ranking, CTR, or proof that a term should replace another term."
"Android-laitteiston testaus","fi-FI","Finland","Android-puhelimen laitteiston testaus","CURRENT_AND_RECOMMENDED","OK","0","NO","","Support signal only; not search volume, ranking, CTR, or proof that a term should replace another term."
"Android-laitteiston testaus","sv-SE","Sweden","testa Android-telefonens hÃ¥rdvara","CURRENT_AND_RECOMMENDED","OK","0","NO","","Support signal only; not search volume, ranking, CTR, or proof that a term should replace another term."
"Android-laitteiston testaus","nb-NO","Norway","teste maskinvaren i en Android-telefon","CURRENT_AND_RECOMMENDED","OK","0","NO","","Support signal only; not search volume, ranking, CTR, or proof that a term should replace another term."
"Android-laitteiston testaus","da-DK","Denmark","teste hardwaren i en Android-telefon","CURRENT_AND_RECOMMENDED","OK","0","NO","","Support signal only; not search volume, ranking, CTR, or proof that a term should replace another term."
"Android-laitteiston testaus","de-DE","Germany","Android-Smartphone-Hardware testen","CURRENT_AND_RECOMMENDED","OK","0","NO","","Support signal only; not search volume, ranking, CTR, or proof that a term should replace another term."
"Android-laitteiston testaus","fr-FR","France","tester le matÃ©riel dâ€™un tÃ©lÃ©phone Android","CURRENT_AND_RECOMMENDED","OK","0","NO","","Support signal only; not search volume, ranking, CTR, or proof that a term should replace another term."
"Android-laitteiston testaus","es-ES","Spain","probar el hardware de un mÃ³vil Android","CURRENT_AND_RECOMMENDED","OK","0","NO","","Support signal only; not search volume, ranking, CTR, or proof that a term should replace another term."
"Diagnostiikkasovellukset","fi-FI","Finland","Android-diagnostiikkasovellus","CURRENT_AND_RECOMMENDED","OK","0","NO","","Support signal only; not search volume, ranking, CTR, or proof that a term should replace another term."
"Diagnostiikkasovellukset","sv-SE","Sweden","diagnostikapp fÃ¶r Android","CURRENT_AND_RECOMMENDED","OK","0","NO","","Support signal only; not search volume, ranking, CTR, or proof that a term should replace another term."
"Diagnostiikkasovellukset","nb-NO","Norway","diagnoseapp for Android","CURRENT_AND_RECOMMENDED","OK","0","NO","","Support signal only; not search volume, ranking, CTR, or proof that a term should replace another term."
"Diagnostiikkasovellukset","da-DK","Denmark","diagnoseapp til Android","CURRENT_AND_RECOMMENDED","OK","0","NO","","Support signal only; not search volume, ranking, CTR, or proof that a term should replace another term."
"Diagnostiikkasovellukset","de-DE","Germany","Android-Diagnose-App","CURRENT_AND_RECOMMENDED","OK","10","NO","android diagnose app | bmw diagnose app android | obd diagnose app android | vw diagnose app android | auto diagnose app android | app to diagnose android phone | obd2 diagnose app android | akku diagnose app android | auto diagnose app android test | wlan diagnose app android","Support signal only; not search volume, ranking, CTR, or proof that a term should replace another term."
"Diagnostiikkasovellukset","fr-FR","France","application de diagnostic Android","CURRENT_AND_RECOMMENDED","OK","6","NO","application diagnostic android | application test android | application android diagnostic auto | app diagnostic android | app test android | app diagnosis android","Support signal only; not search volume, ranking, CTR, or proof that a term should replace another term."
"Diagnostiikkasovellukset","es-ES","Spain","aplicaciÃ³n de diagnÃ³stico para Android","CURRENT_AND_RECOMMENDED","OK","1","NO","aplicacion de diagnostico para android","Support signal only; not search volume, ranking, CTR, or proof that a term should replace another term."
"TietoturvapÃ¤ivitykset","fi-FI","Finland","tietoturvakorjaus","CONCEPT_COMPONENT","OK","0","NO","","Support signal only; not search volume, ranking, CTR, or proof that a term should replace another term."
"TietoturvapÃ¤ivitykset","fi-FI","Finland","korjaustaso","CONCEPT_COMPONENT","OK","6","NO","korjaustasoite | korjaustasoite lakka | korjaustasoite ulkokï¿½yttï¿½ï¿½n | weber korjaustasoite | lakan korjaustasoite | kiilto korjaustasoite","Support signal only; not search volume, ranking, CTR, or proof that a term should replace another term."
"TietoturvapÃ¤ivitykset","fi-FI","Finland","Androidin tietoturvapÃ¤ivitys","RECOMMENDED","OK","1","NO","androidin tietoturvapï¿½ivitys","Support signal only; not search volume, ranking, CTR, or proof that a term should replace another term."
"TietoturvapÃ¤ivitykset","sv-SE","Sweden","sÃ¤kerhetskorrigering","CONCEPT_COMPONENT","OK","2","NO","android sï¿½kerhetskorrigering | android-sï¿½kerhetskorrigeringsnivï¿½","Support signal only; not search volume, ranking, CTR, or proof that a term should replace another term."
"TietoturvapÃ¤ivitykset","sv-SE","Sweden","sÃ¤kerhetskorrigeringsnivÃ¥","CONCEPT_COMPONENT","OK","1","NO","android-sï¿½kerhetskorrigeringsnivï¿½","Support signal only; not search volume, ranking, CTR, or proof that a term should replace another term."
"TietoturvapÃ¤ivitykset","sv-SE","Sweden","Android-sÃ¤kerhetsuppdatering","RECOMMENDED","OK","3","NO","android sï¿½kerhetsuppdatering | sï¿½kerhetsuppdatering android 12 | android 13 sï¿½kerhetsuppdateringar","Support signal only; not search volume, ranking, CTR, or proof that a term should replace another term."
"TietoturvapÃ¤ivitykset","nb-NO","Norway","sikkerhetsoppdatering for Android","CURRENT_AND_RECOMMENDED","OK","1","NO","sikkerhetsoppdatering android","Support signal only; not search volume, ranking, CTR, or proof that a term should replace another term."
"TietoturvapÃ¤ivitykset","da-DK","Denmark","Android-sikkerhedsopdatering","CURRENT_AND_RECOMMENDED","OK","2","NO","android sikkerhedsopdateringer | android sikkerhedsopdateringer fra google","Support signal only; not search volume, ranking, CTR, or proof that a term should replace another term."
"TietoturvapÃ¤ivitykset","de-DE","Germany","Android-Sicherheitsupdate","CONCEPT_COMPONENT","OK","10","NO","android-sicherheitsupdate mai 2026 wird fï¿½r pixel und andere gerï¿½te zur behebung verteilt | android-sicherheitsupdate prï¿½fen | android-sicherheitsupdate mï¿½rz 2026 | android-sicherheitsupdate aktuell | android sicherheitsupdate dezember 2025 | android sicherheitsupdate november 2025 | android sicherheitsupdate januar 2026 | android sicherheitsupdates | android sicherheitsupdate september 2025 | android sicherheitsupdate oktober 2025","Support signal only; not search volume, ranking, CTR, or proof that a term should replace another term."
"TietoturvapÃ¤ivitykset","de-DE","Germany","Sicherheitspatch","CONCEPT_COMPONENT","OK","10","YES","sicherheitspatch | sicherheitspatch android | sicherheitspatch samsung | sicherheitspatches | sicherheitspatch ebene | sicherheitspatch ebene 5 | sicherheitspatch level | sicherheitspatch android 14 | sicherheitspatches windows 10 | sicherheitspatch s21","Support signal only; not search volume, ranking, CTR, or proof that a term should replace another term."
"TietoturvapÃ¤ivitykset","fr-FR","France","mise Ã  jour de sÃ©curitÃ©","CONCEPT_COMPONENT","OK","10","NO","mise ï¿½ jour de sï¿½curitï¿½ android | mise ï¿½ jour de sï¿½curitï¿½ | mise ï¿½ jour de sï¿½curitï¿½ windows 10 | mise ï¿½ jour de sï¿½curitï¿½ android 12 | mise ï¿½ jour de sï¿½curitï¿½ windows 11 | mise ï¿½ jour de sï¿½curitï¿½ apple | mise ï¿½ jour de sï¿½curitï¿½ samsung | mise ï¿½ jour de sï¿½curitï¿½ fransat | mise ï¿½ jour de sï¿½curitï¿½ sur les ï¿½quipements fransat | mise ï¿½ jour de sï¿½curitï¿½ iphone","Support signal only; not search volume, ranking, CTR, or proof that a term should replace another term."
"TietoturvapÃ¤ivitykset","fr-FR","France","correctif de sÃ©curitÃ©","CONCEPT_COMPONENT","OK","10","NO","correctif de sï¿½curitï¿½ | correctif de sï¿½curitï¿½ windows | correctif de sï¿½curitï¿½ android | correctif de sï¿½curitï¿½ windows 11 | correctif de sï¿½curitï¿½ microsoft | correctif de sï¿½curitï¿½ dï¿½finition | framework correctif de sï¿½curitï¿½ | correctif sï¿½curitï¿½ windows 10 | niveau du correctif de sï¿½curitï¿½ | 2026 03 correctif de sï¿½curitï¿½","Support signal only; not search volume, ranking, CTR, or proof that a term should replace another term."
"TietoturvapÃ¤ivitykset","es-ES","Spain","actualizaciÃ³n de seguridad","CONCEPT_COMPONENT","OK","10","NO","actualizaciï¿½n de seguridad | actualizaciï¿½n de seguridad de android | actualizaciï¿½n de seguridad motorola | actualizaciï¿½n de seguridad xiaomi | actualizaciï¿½n de seguridad samsung | actualizaciï¿½n de seguridad para windows 7 para sistemas basados en x32 | actualizaciï¿½n de seguridad social | actualizaciï¿½n de seguridad redmi | actualizaciï¿½n de seguridad iphone | actualizaciï¿½n de seguridad google","Support signal only; not search volume, ranking, CTR, or proof that a term should replace another term."
"TietoturvapÃ¤ivitykset","es-ES","Spain","parche de seguridad","CONCEPT_COMPONENT","OK","10","YES","parche de seguridad | parche de seguridad android | parche de seguridad samsung | parche de seguridad motorola | parche de seguridad samsung febrero 2026 | parche de seguridad samsung abril 2026 | parche de seguridad 5 de abril samsung | parche de seguridad android febrero 2026 | parche de seguridad samsung enero 2026 | parche de seguridad samsung mayo 2026","Support signal only; not search volume, ranking, CTR, or proof that a term should replace another term."
"Ohjelmistotuen pÃ¤Ã¤ttyminen","fi-FI","Finland","ohjelmistotuki","CONCEPT_COMPONENT","OK","6","NO","ohjelmistotuki englanniksi | mtech ohjelmistotuki | iphone ohjelmistotuki | wakka ohjelmistotuki | samsung ohjelmistotuki | apple ohjelmistotuki","Support signal only; not search volume, ranking, CTR, or proof that a term should replace another term."
"Ohjelmistotuen pÃ¤Ã¤ttyminen","fi-FI","Finland","pÃ¤ivitystuki","CONCEPT_COMPONENT","OK","8","NO","oneplus pï¿½ivitystuki | iphone pï¿½ivitystuki | samsung pï¿½ivitystuki | s22 pï¿½ivitystuki | android pï¿½ivitystuki | ipad pï¿½ivitystuki | apple pï¿½ivitystuki | puhelimen pï¿½ivitystuki","Support signal only; not search volume, ranking, CTR, or proof that a term should replace another term."
"Ohjelmistotuen pÃ¤Ã¤ttyminen","sv-SE","Sweden","programvarusupport","CONCEPT_COMPONENT","OK","0","NO","","Support signal only; not search volume, ranking, CTR, or proof that a term should replace another term."
"Ohjelmistotuen pÃ¤Ã¤ttyminen","sv-SE","Sweden","uppdateringsstÃ¶d","CONCEPT_COMPONENT","OK","0","NO","","Support signal only; not search volume, ranking, CTR, or proof that a term should replace another term."
"Ohjelmistotuen pÃ¤Ã¤ttyminen","nb-NO","Norway","programvarestÃ¸tte","CONCEPT_COMPONENT","OK","0","NO","","Support signal only; not search volume, ranking, CTR, or proof that a term should replace another term."
"Ohjelmistotuen pÃ¤Ã¤ttyminen","nb-NO","Norway","oppdateringsstÃ¸tte","CONCEPT_COMPONENT","OK","0","NO","","Support signal only; not search volume, ranking, CTR, or proof that a term should replace another term."
"Ohjelmistotuen pÃ¤Ã¤ttyminen","da-DK","Denmark","softwaresupport","CONCEPT_COMPONENT","OK","10","NO","softwaresupport aveva | software support | softwaresupport zkteco com | softwaresupport lamotte com | softwaresupport stewart com | softwaresupport anthem com | softwaresupport raab | softwaresupport raab gmbh | software support iphone | software support iphone 11","Support signal only; not search volume, ranking, CTR, or proof that a term should replace another term."
"Ohjelmistotuen pÃ¤Ã¤ttyminen","da-DK","Denmark","opdateringssupport","CONCEPT_COMPONENT","OK","0","NO","","Support signal only; not search volume, ranking, CTR, or proof that a term should replace another term."
"Ohjelmistotuen pÃ¤Ã¤ttyminen","de-DE","Germany","Software-Support","CONCEPT_COMPONENT","OK","10","NO","software support | software support jobs | software support iphone | software support iphone 13 mini | software support apple | software support iphone 13 | software support samsung | software support iphone 12 | software support for iphone 15 | software support iphone 14","Support signal only; not search volume, ranking, CTR, or proof that a term should replace another term."
"Ohjelmistotuen pÃ¤Ã¤ttyminen","de-DE","Germany","Update-Support","CONCEPT_COMPONENT","OK","10","NO","update support samsung | update support windows 10 | update support iphone | update support iphone 13 | update support iphone 12 | update support iphone xr | update support xiaomi | update support iphone 15 | update support iphone 13 mini | update support iphone 11","Support signal only; not search volume, ranking, CTR, or proof that a term should replace another term."
"Ohjelmistotuen pÃ¤Ã¤ttyminen","fr-FR","France","cycle de suivi et de sÃ©curitÃ©","CURRENT","OK","0","NO","","Support signal only; not search volume, ranking, CTR, or proof that a term should replace another term."
"Ohjelmistotuen pÃ¤Ã¤ttyminen","fr-FR","France","suivi logiciel","CONCEPT_COMPONENT","OK","10","NO","suivi logiciel samsung | suivi logiciel smartphone | logiciel suivi | suivi logiciel xiaomi | suivi logiciel iphone | suivi logiciel nothing phone | suivi logiciel motorola | suivi logiciel honor | suivi logiciel xiaomi pad 7 pro | suivi logiciel google pixel","Support signal only; not search volume, ranking, CTR, or proof that a term should replace another term."
"Ohjelmistotuen pÃ¤Ã¤ttyminen","fr-FR","France","durÃ©e des mises Ã  jour","CONCEPT_COMPONENT","OK","10","NO","durï¿½e des mises ï¿½ jour iphone | durï¿½e des mises ï¿½ jour samsung | duree des mise a jour apple | durï¿½e mises ï¿½ jour xiaomi | durï¿½e mise ï¿½ jour windows 11 | durï¿½e mise ï¿½ jour iphone 15 | durï¿½e mise ï¿½ jour iphone 16 | durï¿½e mise ï¿½ jour iphone 14 | durï¿½e mise ï¿½ jour google pixel 7 | durï¿½e mise ï¿½ jour iphone 13","Support signal only; not search volume, ranking, CTR, or proof that a term should replace another term."
"Ohjelmistotuen pÃ¤Ã¤ttyminen","es-ES","Spain","ciclo de actualizaciones y seguridad","CURRENT","OK","0","NO","","Support signal only; not search volume, ranking, CTR, or proof that a term should replace another term."
"Ohjelmistotuen pÃ¤Ã¤ttyminen","es-ES","Spain","soporte de software","CONCEPT_COMPONENT","OK","10","YES","soporte de software | soporte de software y controladores de hp | soporte de software y hardware | soporte de software zebradesigner 3 | soporte de software libre | soporte de software empleo | soporte de software y hardware it essentials | soporte de software a largo plazo | soporte de software propietario | soporte de software motorola","Support signal only; not search volume, ranking, CTR, or proof that a term should replace another term."
"Ohjelmistotuen pÃ¤Ã¤ttyminen","es-ES","Spain","periodo de actualizaciones","CONCEPT_COMPONENT","OK","0","NO","","Support signal only; not search volume, ranking, CTR, or proof that a term should replace another term."
"Tehdasasetusten palautus","fi-FI","Finland","tehdasasetusten palautus","CURRENT_AND_RECOMMENDED","OK","10","YES","tehdasasetusten palautus | tehdasasetusten palautus samsung | tehdasasetusten palautus iphone | tehdasasetusten palautus android | tehdasasetusten palautus windows 11 | tehdasasetusten palautus tietokone | tehdasasetusten palautus tv | tehdasasetusten palautus samsung tv | tehdasasetusten palautus oneplus | tehdasasetusten palautus windows","Support signal only; not search volume, ranking, CTR, or proof that a term should replace another term."
"Tehdasasetusten palautus","sv-SE","Sweden","fabriksÃ¥terstÃ¤llning","CURRENT_AND_RECOMMENDED","OK","10","NO","fabriksï¿½terstï¿½llning | fabriksï¿½terstï¿½llning samsung | fabriksï¿½terstï¿½llning iphone | fabriksï¿½terstï¿½llning yale doorman | fabriksï¿½terstï¿½llning samsung glï¿½mt lï¿½senord | fabriksï¿½terstï¿½llning ipad | fabriksï¿½terstï¿½llning samsung tv | fabriksï¿½terstï¿½llning dator windows 10 | fabriksï¿½terstï¿½llning dator windows 11 | fabriksï¿½terstï¿½llning chromecast","Support signal only; not search volume, ranking, CTR, or proof that a term should replace another term."
"Tehdasasetusten palautus","nb-NO","Norway","tilbakestilling til fabrikkinnstillinger","CURRENT_AND_RECOMMENDED","OK","2","YES","tilbakestilling til fabrikkinnstillinger | iphone tilbakestilling til fabrikkinnstillinger","Support signal only; not search volume, ranking, CTR, or proof that a term should replace another term."
"Tehdasasetusten palautus","da-DK","Denmark","nulstilling til fabriksindstillinger","CURRENT_AND_RECOMMENDED","OK","2","YES","nulstilling til fabriksindstillinger | nulstilling af iphone til fabriksindstillinger","Support signal only; not search volume, ranking, CTR, or proof that a term should replace another term."
"Tehdasasetusten palautus","de-DE","Germany","ZurÃ¼cksetzen auf Werkseinstellungen","CURRENT_AND_RECOMMENDED","OK","10","NO","zurï¿½cksetzen auf werkseinstellungen | zurï¿½cksetzen auf werkseinstellungen android | zurï¿½cksetzen auf werkseinstellungen iphone | zurï¿½cksetzen auf werkseinstellungen englisch | zurï¿½cksetzen auf werkseinstellungen ipad | mac zurï¿½cksetzen auf werkseinstellungen | samsung zurï¿½cksetzen auf werkseinstellungen | imac zurï¿½cksetzen auf werkseinstellungen | pc zurï¿½cksetzen auf werkseinstellungen | iphone zurï¿½cksetzen auf werkseinstellungen ohne code","Support signal only; not search volume, ranking, CTR, or proof that a term should replace another term."
"Tehdasasetusten palautus","fr-FR","France","rÃ©tablissement de la configuration dâ€™usine","CURRENT_AND_RECOMMENDED","OK","10","NO","rï¿½tablissement de la configuration d usine | rï¿½tablir la configuration d usine chromecast | rï¿½tablir la configuration d usine google home | rï¿½tablir la configuration d usine c est quoi | rï¿½tablir la configuration d'usine xiaomi | rï¿½tablir la configuration d'usine en arabe | demande de rï¿½tablissement de la configuration d usine | rï¿½tablir configuration d'usine google nest | rï¿½tablir configuration d usine google home mini | rï¿½tablir configuration d usine nest mini","Support signal only; not search volume, ranking, CTR, or proof that a term should replace another term."
"Tehdasasetusten palautus","es-ES","Spain","restablecimiento de fÃ¡brica","CURRENT_AND_RECOMMENDED","OK","10","NO","restablecimiento de fï¿½brica | restablecimiento de fï¿½brica (hard reset) | restablecimiento de fï¿½brica samsung | restablecimiento de fï¿½brica iphone | restablecimiento de fï¿½brica (factory reset) | restablecimiento de fï¿½brica pc | restablecimiento de fï¿½brica forzado | restablecimiento de fï¿½brica desde el modo recovery | restablecimiento de fï¿½brica motorola | restablecimiento de fï¿½brica xiaomi","Support signal only; not search volume, ranking, CTR, or proof that a term should replace another term."
"Vikasietotila","fi-FI","Finland","vikasietotila","CURRENT_AND_RECOMMENDED","OK","10","YES","vikasietotila | vikasietotila windows 11 | vikasietotila android | vikasietotila windows 10 | vikasietotila samsung | vikasietotila podcast | vikasietotila ps4 | vikasietotila ps5 | vikasietotila puhelimessa | vikasietotila englanniksi","Support signal only; not search volume, ranking, CTR, or proof that a term should replace another term."
"Vikasietotila","sv-SE","Sweden","sÃ¤kert lÃ¤ge","CURRENT_AND_RECOMMENDED","OK","10","NO","sï¿½kert lï¿½ge android | sï¿½kert lï¿½ge | sï¿½kert lï¿½ge samsung | sï¿½kert lï¿½ge pï¿½ tv | sï¿½kert lï¿½ge samsung tv | sï¿½kert lï¿½ge tcl tv | sï¿½kert lï¿½ge doro | sï¿½kert lï¿½ge pï¿½ mobilen | sï¿½kert lï¿½ge samsung stï¿½ng av | sï¿½kert lï¿½ge samsung mobil","Support signal only; not search volume, ranking, CTR, or proof that a term should replace another term."
"Vikasietotila","nb-NO","Norway","sikker modus","CURRENT_AND_RECOMMENDED","OK","10","YES","sikker modus samsung | sikker modus | sikker modus android | sikker modus windows 11 | sikker modus windows 10 | sikker modus iphone | sikker modus windows | sikker modus tv | sikker modus mac | fjerne sikker modus samsung","Support signal only; not search volume, ranking, CTR, or proof that a term should replace another term."
"Vikasietotila","da-DK","Denmark","sikker tilstand","CURRENT_AND_RECOMMENDED","OK","10","YES","sikker tilstand | sikker tilstand samsung | sikker tilstand android | sikker tilstand tv | sikker tilstand windows | sikker tilstand lenovo tablet | sikker tilstand samsung telefon | sikker tilstand motorola | sikker tilstand philips tv | sikker tilstand android tv","Support signal only; not search volume, ranking, CTR, or proof that a term should replace another term."
"Vikasietotila","de-DE","Germany","abgesicherter Modus","CURRENT_AND_RECOMMENDED","OK","10","YES","abgesicherter modus | abgesicherter modus windows 11 | abgesicherter modus deaktivieren | abgesicherter modus android | abgesicherter modus windows 10 | abgesicherter modus handy | abgesicherter modus deaktivieren samsung | abgesicherter modus samsung | abgesicherter modus beenden | abgesicherter modus android ausschalten","Support signal only; not search volume, ranking, CTR, or proof that a term should replace another term."
"Vikasietotila","fr-FR","France","mode sans Ã©chec","CURRENT_AND_RECOMMENDED","OK","10","NO","mode sans ï¿½chec windows 11 | mode sans ï¿½chec | mode sans ï¿½chec windows 10 | mode sans ï¿½chec windows 7 | mode sans ï¿½chec windows 11 hp | mode sans ï¿½chec samsung | mode sans ï¿½chec android | mode sans ï¿½chec ps4 | mode sans ï¿½chec ps5 | mode sans ï¿½chec windows 11 au dï¿½marrage","Support signal only; not search volume, ranking, CTR, or proof that a term should replace another term."
"Vikasietotila","es-ES","Spain","modo seguro","CURRENT_AND_RECOMMENDED","OK","10","YES","modo seguro | modo seguro desactivar | modo seguro windows 11 | modo seguro samsung | modo seguro android | modo seguro windows 10 | modo seguro motorola | modo seguro xiaomi | modo seguro ps4 | modo seguro en celular","Support signal only; not search volume, ranking, CTR, or proof that a term should replace another term."
"Factory Reset Protection","fi-FI","Finland","Factory Reset Protection (FRP)","CURRENT_AND_RECOMMENDED","OK","10","YES","factory reset protection (frp) | factory reset protection (frp) bypass | factory reset protection (frp) lock | factory reset protection frp samsung | factory reset protection frp xiaomi | factory reset protection frp remove | android factory reset protection (frp) | factory reset protection frp bypass | factory reset protection frp | google factory reset protection (frp)","Support signal only; not search volume, ranking, CTR, or proof that a term should replace another term."
"Factory Reset Protection","sv-SE","Sweden","Factory Reset Protection (FRP)","CURRENT_AND_RECOMMENDED","OK","10","YES","factory reset protection (frp) | factory reset protection (frp) bypass | factory reset protection (frp) lock | factory reset protection frp samsung | android factory reset protection (frp) | factory reset protection frp xiaomi | factory reset protection frp remove | factory reset protection frp bypass | factory reset protection frp lock | factory reset protection frp","Support signal only; not search volume, ranking, CTR, or proof that a term should replace another term."
"Factory Reset Protection","nb-NO","Norway","Factory Reset Protection (FRP)","CURRENT_AND_RECOMMENDED","OK","10","YES","factory reset protection (frp) | factory reset protection (frp) bypass | factory reset protection (frp) lock | factory reset protection frp samsung | factory reset protection frp xiaomi | factory reset protection frp remove | android factory reset protection (frp) | factory reset protection frp bypass | factory reset protection frp | remove frp lock factory reset protection samsung","Support signal only; not search volume, ranking, CTR, or proof that a term should replace another term."
"Factory Reset Protection","da-DK","Denmark","Factory Reset Protection (FRP)","CURRENT_AND_RECOMMENDED","OK","10","YES","factory reset protection (frp) | factory reset protection (frp) bypass | factory reset protection frp lock | factory reset protection frp samsung | factory reset protection frp remove | android factory reset protection (frp) | factory reset protection frp xiaomi | google factory reset protection (frp) | how to bypass factory reset protection frp samsung | disable factory reset protection frp","Support signal only; not search volume, ranking, CTR, or proof that a term should replace another term."
"Factory Reset Protection","de-DE","Germany","Factory Reset Protection (FRP)","CURRENT_AND_RECOMMENDED","OK","10","YES","factory reset protection (frp) | factory reset protection frp samsung | factory reset protection frp umgehen | android factory reset protection (frp) | factory reset protection frp lock | factory reset protection frp bypass | factory reset protection frp xiaomi | factory reset protection frp remove | google factory reset protection (frp) | deactivate factory reset protection frp","Support signal only; not search volume, ranking, CTR, or proof that a term should replace another term."
"Factory Reset Protection","fr-FR","France","Factory Reset Protection (FRP)","CURRENT_AND_RECOMMENDED","OK","10","YES","factory reset protection (frp) | factory reset protection frp android | factory reset protection frp bypass | factory reset protection frp lock | factory reset protection frp xiaomi | factory reset protection frp samsung | factory reset protection frp remove | enterprise factory reset protection (frp) | remove frp lock factory reset protection samsung | google frp (factory reset protection)","Support signal only; not search volume, ranking, CTR, or proof that a term should replace another term."
"Factory Reset Protection","es-ES","Spain","ProtecciÃ³n contra Restablecimiento de FÃ¡brica (FRP)","CURRENT_AND_RECOMMENDED","OK","1","NO","protecciï¿½n contra restablecimiento de fï¿½brica frp","Support signal only; not search volume, ranking, CTR, or proof that a term should replace another term."
"Valmistajakohtaiset diagnostiikkavalikot","fi-FI","Finland","valmistajan diagnostiikkavalikko","CONCEPT_COMPONENT","OK","0","NO","","Support signal only; not search volume, ranking, CTR, or proof that a term should replace another term."
"Valmistajakohtaiset diagnostiikkavalikot","fi-FI","Finland","Xiaomi CIT -valikko","CONCEPT_COMPONENT","OK","0","NO","","Support signal only; not search volume, ranking, CTR, or proof that a term should replace another term."
"Valmistajakohtaiset diagnostiikkavalikot","sv-SE","Sweden","diagnostikmeny","CONCEPT_COMPONENT","OK","0","NO","","Support signal only; not search volume, ranking, CTR, or proof that a term should replace another term."
"Valmistajakohtaiset diagnostiikkavalikot","sv-SE","Sweden","Xiaomi CIT-meny","CONCEPT_COMPONENT","OK","1","NO","xiaomi cit menu","Support signal only; not search volume, ranking, CTR, or proof that a term should replace another term."
"Valmistajakohtaiset diagnostiikkavalikot","nb-NO","Norway","diagnosemeny","CONCEPT_COMPONENT","OK","0","NO","","Support signal only; not search volume, ranking, CTR, or proof that a term should replace another term."
"Valmistajakohtaiset diagnostiikkavalikot","nb-NO","Norway","Xiaomi CIT-meny","CONCEPT_COMPONENT","OK","0","NO","","Support signal only; not search volume, ranking, CTR, or proof that a term should replace another term."
"Valmistajakohtaiset diagnostiikkavalikot","da-DK","Denmark","diagnosemenu","CONCEPT_COMPONENT","OK","0","NO","","Support signal only; not search volume, ranking, CTR, or proof that a term should replace another term."
"Valmistajakohtaiset diagnostiikkavalikot","da-DK","Denmark","Xiaomi CIT-menu","CONCEPT_COMPONENT","OK","2","NO","xiaomi cit menu | xiaomi pad 6 cit menu","Support signal only; not search volume, ranking, CTR, or proof that a term should replace another term."
"Valmistajakohtaiset diagnostiikkavalikot","de-DE","Germany","DiagnosemenÃ¼","CONCEPT_COMPONENT","OK","3","NO","diagnosemenï¿½ vaillant | diagnosemenï¿½ samsung | diagnosemodus iphone","Support signal only; not search volume, ranking, CTR, or proof that a term should replace another term."
"Valmistajakohtaiset diagnostiikkavalikot","de-DE","Germany","Xiaomi-CIT-MenÃ¼","CONCEPT_COMPONENT","OK","2","NO","xiaomi cit menï¿½ | xiaomi pad 6 cit menï¿½","Support signal only; not search volume, ranking, CTR, or proof that a term should replace another term."
"Valmistajakohtaiset diagnostiikkavalikot","fr-FR","France","menu de diagnostic","CONCEPT_COMPONENT","OK","10","NO","menu de diagnostic du systeme renault espace 4 | menu de diagnostico samsung | menu de diagnostico xiaomi | menu de diagnostico motorola | menu diagnostic iphone | menu diagnostic samsung | menu diagnostic xiaomi | menu diagnostic hp | menu diagnostic dell | menu diagnostic apple","Support signal only; not search volume, ranking, CTR, or proof that a term should replace another term."
"Valmistajakohtaiset diagnostiikkavalikot","fr-FR","France","mode CIT Xiaomi","CONCEPT_COMPONENT","OK","4","YES","mode cit xiaomi | mode cit redmi | masuk mode cit xiaomi | enter cit mode xiaomi","Support signal only; not search volume, ranking, CTR, or proof that a term should replace another term."
"Valmistajakohtaiset diagnostiikkavalikot","es-ES","Spain","menÃº de diagnÃ³stico","CONCEPT_COMPONENT","OK","10","NO","menï¿½ de diagnï¿½stico samsung | menï¿½ de diagnï¿½stico | menï¿½ de diagnï¿½stico oculto | menï¿½ de diagnï¿½stico samsung a02 | menu de diagnostico motorola | menu de diagnostico xiaomi | menu de diagnostico redmi | menu de diagnostico infinix | menu de diagnostico honor | menu de diagnostico hp","Support signal only; not search volume, ranking, CTR, or proof that a term should replace another term."
"Valmistajakohtaiset diagnostiikkavalikot","es-ES","Spain","menÃº CIT de Xiaomi","CONCEPT_COMPONENT","OK","1","NO","menu cit xiaomi","Support signal only; not search volume, ranking, CTR, or proof that a term should replace another term."
