locale,query_or_concept,first_sourceNumber,first_URL,second_sourceNumber,second_URL,overlap_reason,evidence,confidence,recommended_action
en,overall phone condition / full diagnostic,1,https://runcheckapp.com/articles/device-health/android-device-health-check/,7,https://runcheckapp.com/articles/device-health/run-full-diagnostic-android/,overall condition check overlaps a full diagnostic workflow,"HYPOTHESIS ONLY: title/H1/topic overlap in the same locale. No GSC page-by-query data was available, so this is not confirmed cannibalization.",LOW,"Do not merge, redirect, or rewrite now. Preserve the distinct intent; validate with GSC query × page data and then adjust meta/internal anchors only if overlap is measured."
en,used phone condition / buying checklist,2,https://runcheckapp.com/articles/buying-selling/how-to-check-used-android-phone-condition/,6,https://runcheckapp.com/articles/buying-selling/what-to-check-before-buying-used-android-phone/,both answer pre-purchase condition checks; one should remain condition-led and the other checklist-led,"HYPOTHESIS ONLY: title/H1/topic overlap in the same locale. No GSC page-by-query data was available, so this is not confirmed cannibalization.",LOW,"Do not merge, redirect, or rewrite now. Preserve the distinct intent; validate with GSC query × page data and then adjust meta/internal anchors only if overlap is measured."
en,battery health / battery percentage,11,https://runcheckapp.com/articles/battery/how-to-check-battery-health-on-android/,13,https://runcheckapp.com/articles/battery/battery-health-percentage/,battery health and percentage meaning can share broad queries but have different explanatory intent,"HYPOTHESIS ONLY: title/H1/topic overlap in the same locale. No GSC page-by-query data was available, so this is not confirmed cannibalization.",LOW,"Do not merge, redirect, or rewrite now. Preserve the distinct intent; validate with GSC query × page data and then adjust meta/internal anchors only if overlap is measured."
en,fast battery drain / hidden drain,21,https://runcheckapp.com/articles/battery/why-phone-battery-drains-fast/,25,https://runcheckapp.com/articles/battery/how-to-find-hidden-battery-drain/,broad drain diagnosis overlaps a narrower hidden-drain method,"HYPOTHESIS ONLY: title/H1/topic overlap in the same locale. No GSC page-by-query data was available, so this is not confirmed cannibalization.",LOW,"Do not merge, redirect, or rewrite now. Preserve the distinct intent; validate with GSC query × page data and then adjust meta/internal anchors only if overlap is measured."
en,slow charging / will not charge,47,https://runcheckapp.com/articles/charging/phone-charging-slowly/,48,https://runcheckapp.com/articles/charging/phone-wont-charge/,charging speed and complete charging failure are adjacent but distinct problems,"HYPOTHESIS ONLY: title/H1/topic overlap in the same locale. No GSC page-by-query data was available, so this is not confirmed cannibalization.",LOW,"Do not merge, redirect, or rewrite now. Preserve the distinct intent; validate with GSC query × page data and then adjust meta/internal anchors only if overlap is measured."
en,overheating / thermal throttling,53,https://runcheckapp.com/articles/thermal/how-to-check-phone-temperature-android/,56,https://runcheckapp.com/articles/thermal/what-is-thermal-throttling/,heat symptom overlaps the performance-protection mechanism,"HYPOTHESIS ONLY: title/H1/topic overlap in the same locale. No GSC page-by-query data was available, so this is not confirmed cannibalization.",LOW,"Do not merge, redirect, or rewrite now. Preserve the distinct intent; validate with GSC query × page data and then adjust meta/internal anchors only if overlap is measured."
en,slow Android phone / speed up old phone,64,https://runcheckapp.com/articles/performance/why-your-android-phone-is-slow/,65,https://runcheckapp.com/articles/performance/how-to-speed-up-old-android-phone/,diagnosis and improvement intents may share slow-phone queries,"HYPOTHESIS ONLY: title/H1/topic overlap in the same locale. No GSC page-by-query data was available, so this is not confirmed cannibalization.",LOW,"Do not merge, redirect, or rewrite now. Preserve the distinct intent; validate with GSC query × page data and then adjust meta/internal anchors only if overlap is measured."
en,free storage / false full warning,79,https://runcheckapp.com/articles/storage/free-up-storage-android/,87,https://runcheckapp.com/articles/storage/phone-says-storage-full-when-its-not/,general cleanup overlaps the false-full error intent,"HYPOTHESIS ONLY: title/H1/topic overlap in the same locale. No GSC page-by-query data was available, so this is not confirmed cannibalization.",LOW,"Do not merge, redirect, or rewrite now. Preserve the distinct intent; validate with GSC query × page data and then adjust meta/internal anchors only if overlap is measured."
en,Wi-Fi signal / Wi-Fi troubleshooting,90,https://runcheckapp.com/articles/network/check-wifi-signal-strength-android/,96,https://runcheckapp.com/articles/network/how-to-fix-android-wifi-connection-problems/,measurement intent overlaps repair intent,"HYPOTHESIS ONLY: title/H1/topic overlap in the same locale. No GSC page-by-query data was available, so this is not confirmed cannibalization.",LOW,"Do not merge, redirect, or rewrite now. Preserve the distinct intent; validate with GSC query × page data and then adjust meta/internal anchors only if overlap is measured."
en,slow phone internet / slow mobile data,91,https://runcheckapp.com/articles/network/why-is-my-phone-internet-so-slow/,97,https://runcheckapp.com/articles/network/why-is-mobile-data-slow-even-with-good-signal/,broad connection diagnosis overlaps mobile-data-only intent,"HYPOTHESIS ONLY: title/H1/topic overlap in the same locale. No GSC page-by-query data was available, so this is not confirmed cannibalization.",LOW,"Do not merge, redirect, or rewrite now. Preserve the distinct intent; validate with GSC query × page data and then adjust meta/internal anchors only if overlap is measured."
en,hardware test / diagnostic apps,104,https://runcheckapp.com/articles/hardware/android-hardware-test-guide/,138,https://runcheckapp.com/articles/device-health/best-android-diagnostic-apps-compared/,how-to test workflow overlaps commercial comparison of tools,"HYPOTHESIS ONLY: title/H1/topic overlap in the same locale. No GSC page-by-query data was available, so this is not confirmed cannibalization.",LOW,"Do not merge, redirect, or rewrite now. Preserve the distinct intent; validate with GSC query × page data and then adjust meta/internal anchors only if overlap is measured."
en,updates stopped / support lifecycle,121,https://runcheckapp.com/articles/software/what-happens-when-android-stops-getting-updates/,123,https://runcheckapp.com/articles/software/is-my-phone-still-supported/,end-of-updates explainer overlaps model support-status lookup,"HYPOTHESIS ONLY: title/H1/topic overlap in the same locale. No GSC page-by-query data was available, so this is not confirmed cannibalization.",LOW,"Do not merge, redirect, or rewrite now. Preserve the distinct intent; validate with GSC query × page data and then adjust meta/internal anchors only if overlap is measured."
en,security patch / support lifecycle,122,https://runcheckapp.com/articles/software/how-to-check-for-android-security-patches/,123,https://runcheckapp.com/articles/software/is-my-phone-still-supported/,patch-level check overlaps broader support-period lookup,"HYPOTHESIS ONLY: title/H1/topic overlap in the same locale. No GSC page-by-query data was available, so this is not confirmed cannibalization.",LOW,"Do not merge, redirect, or rewrite now. Preserve the distinct intent; validate with GSC query × page data and then adjust meta/internal anchors only if overlap is measured."
en,safe mode / safe mode versus reset,70,https://runcheckapp.com/articles/performance/how-to-boot-android-safe-mode/,130,https://runcheckapp.com/articles/software/safe-mode-vs-factory-reset/,single-tool guide overlaps comparison/decision intent,"HYPOTHESIS ONLY: title/H1/topic overlap in the same locale. No GSC page-by-query data was available, so this is not confirmed cannibalization.",LOW,"Do not merge, redirect, or rewrite now. Preserve the distinct intent; validate with GSC query × page data and then adjust meta/internal anchors only if overlap is measured."
en,diagnostic codes / Xiaomi CIT,112,https://runcheckapp.com/articles/hardware/android-diagnostic-codes-complete-list/,159,https://runcheckapp.com/articles/brands/xiaomi-cit-menu-hidden-hardware-tests/,general manufacturer-code list overlaps Xiaomi-specific menu intent,"HYPOTHESIS ONLY: title/H1/topic overlap in the same locale. No GSC page-by-query data was available, so this is not confirmed cannibalization.",LOW,"Do not merge, redirect, or rewrite now. Preserve the distinct intent; validate with GSC query × page data and then adjust meta/internal anchors only if overlap is measured."
fi-FI,overall phone condition / full diagnostic,1,https://runcheckapp.com/fi/artikkelit/laitteen-kunto/android-puhelimen-kuntotarkistus-nain-selvitat-onko-puhelimesi-kunnossa/,7,https://runcheckapp.com/fi/artikkelit/laitteen-kunto/android-puhelimen-kattava-diagnostiikka/,overall condition check overlaps a full diagnostic workflow,"HYPOTHESIS ONLY: title/H1/topic overlap in the same locale. No GSC page-by-query data was available, so this is not confirmed cannibalization.",LOW,"Do not merge, redirect, or rewrite now. Preserve the distinct intent; validate with GSC query × page data and then adjust meta/internal anchors only if overlap is measured."
fi-FI,used phone condition / buying checklist,2,https://runcheckapp.com/fi/artikkelit/ostaminen-ja-myyminen/nain-tarkistat-onko-kaytetty-android-puhelin-hyvassa-kunnossa/,6,https://runcheckapp.com/fi/artikkelit/ostaminen-ja-myyminen/mita-tarkistaa-ennen-kaytetyn-android-puhelimen-ostamista/,both answer pre-purchase condition checks; one should remain condition-led and the other checklist-led,"HYPOTHESIS ONLY: title/H1/topic overlap in the same locale. No GSC page-by-query data was available, so this is not confirmed cannibalization.",LOW,"Do not merge, redirect, or rewrite now. Preserve the distinct intent; validate with GSC query × page data and then adjust meta/internal anchors only if overlap is measured."
fi-FI,battery health / battery percentage,11,https://runcheckapp.com/fi/artikkelit/akku/nain-tarkistat-android-puhelimen-akun-kunnon-ja-tunnistat-viallisen-akun/,13,https://runcheckapp.com/fi/artikkelit/akku/mita-akun-kuntoprosentti-oikeastaan-tarkoittaa/,battery health and percentage meaning can share broad queries but have different explanatory intent,"HYPOTHESIS ONLY: title/H1/topic overlap in the same locale. No GSC page-by-query data was available, so this is not confirmed cannibalization.",LOW,"Do not merge, redirect, or rewrite now. Preserve the distinct intent; validate with GSC query × page data and then adjust meta/internal anchors only if overlap is measured."
fi-FI,fast battery drain / hidden drain,21,https://runcheckapp.com/fi/artikkelit/akku/miksi-puhelimen-akku-tyhjenee-niin-nopeasti-kaytannon-android-vianmaaritysopas/,25,https://runcheckapp.com/fi/artikkelit/akku/nain-loydat-piilevan-akunkulutuksen-androidissa/,broad drain diagnosis overlaps a narrower hidden-drain method,"HYPOTHESIS ONLY: title/H1/topic overlap in the same locale. No GSC page-by-query data was available, so this is not confirmed cannibalization.",LOW,"Do not merge, redirect, or rewrite now. Preserve the distinct intent; validate with GSC query × page data and then adjust meta/internal anchors only if overlap is measured."
fi-FI,slow charging / will not charge,47,https://runcheckapp.com/fi/artikkelit/lataaminen/miksi-puhelin-latautuu-hitaasti-syyt-ja-ratkaisut/,48,https://runcheckapp.com/fi/artikkelit/lataaminen/puhelin-ei-lataudu-nain-selvitat-latausongelman/,charging speed and complete charging failure are adjacent but distinct problems,"HYPOTHESIS ONLY: title/H1/topic overlap in the same locale. No GSC page-by-query data was available, so this is not confirmed cannibalization.",LOW,"Do not merge, redirect, or rewrite now. Preserve the distinct intent; validate with GSC query × page data and then adjust meta/internal anchors only if overlap is measured."
fi-FI,overheating / thermal throttling,53,https://runcheckapp.com/fi/artikkelit/kuumeneminen/miksi-android-puhelin-ylikuumenee-ja-miten-sen-lampotilan-voi-tarkistaa/,56,https://runcheckapp.com/fi/artikkelit/kuumeneminen/mita-thermal-throttling-tarkoittaa-ja-miten-se-vaikuttaa-puhelimeen/,heat symptom overlaps the performance-protection mechanism,"HYPOTHESIS ONLY: title/H1/topic overlap in the same locale. No GSC page-by-query data was available, so this is not confirmed cannibalization.",LOW,"Do not merge, redirect, or rewrite now. Preserve the distinct intent; validate with GSC query × page data and then adjust meta/internal anchors only if overlap is measured."
fi-FI,slow Android phone / speed up old phone,64,https://runcheckapp.com/fi/artikkelit/suorituskyky/miksi-android-puhelin-on-hidas-nain-loydat-ja-korjaat-oikean-syyn/,65,https://runcheckapp.com/fi/artikkelit/suorituskyky/nain-nopeutat-vanhaa-android-puhelinta/,diagnosis and improvement intents may share slow-phone queries,"HYPOTHESIS ONLY: title/H1/topic overlap in the same locale. No GSC page-by-query data was available, so this is not confirmed cannibalization.",LOW,"Do not merge, redirect, or rewrite now. Preserve the distinct intent; validate with GSC query × page data and then adjust meta/internal anchors only if overlap is measured."
fi-FI,free storage / false full warning,79,https://runcheckapp.com/fi/artikkelit/tallennustila/nain-vapautat-androidin-tallennustilaa-menettamatta-tarkeaa-sisaltoa/,87,https://runcheckapp.com/fi/artikkelit/tallennustila/miksi-puhelin-vaittaa-tallennustilan-olevan-taynna-vaikka-se-ei-nayta-silta/,general cleanup overlaps the false-full error intent,"HYPOTHESIS ONLY: title/H1/topic overlap in the same locale. No GSC page-by-query data was available, so this is not confirmed cannibalization.",LOW,"Do not merge, redirect, or rewrite now. Preserve the distinct intent; validate with GSC query × page data and then adjust meta/internal anchors only if overlap is measured."
fi-FI,Wi-Fi signal / Wi-Fi troubleshooting,90,https://runcheckapp.com/fi/artikkelit/verkkoyhteydet/wi-fi-signaalin-voimakkuuden-tarkistaminen-androidissa/,96,https://runcheckapp.com/fi/artikkelit/verkkoyhteydet/androidin-wi-fi-yhteysongelmien-korjaaminen/,measurement intent overlaps repair intent,"HYPOTHESIS ONLY: title/H1/topic overlap in the same locale. No GSC page-by-query data was available, so this is not confirmed cannibalization.",LOW,"Do not merge, redirect, or rewrite now. Preserve the distinct intent; validate with GSC query × page data and then adjust meta/internal anchors only if overlap is measured."
fi-FI,slow phone internet / slow mobile data,91,https://runcheckapp.com/fi/artikkelit/verkkoyhteydet/miksi-puhelimen-internetyhteys-on-niin-hidas/,97,https://runcheckapp.com/fi/artikkelit/verkkoyhteydet/miksi-mobiilidata-on-hidasta-vaikka-signaali-on-vahva/,broad connection diagnosis overlaps mobile-data-only intent,"HYPOTHESIS ONLY: title/H1/topic overlap in the same locale. No GSC page-by-query data was available, so this is not confirmed cannibalization.",LOW,"Do not merge, redirect, or rewrite now. Preserve the distinct intent; validate with GSC query × page data and then adjust meta/internal anchors only if overlap is measured."
fi-FI,hardware test / diagnostic apps,104,https://runcheckapp.com/fi/artikkelit/laitteisto/android-puhelimen-laitteiston-testaaminen-kattava-diagnostiikkaopas-2026/,138,https://runcheckapp.com/fi/artikkelit/laitteen-kunto/parhaat-android-diagnostiikkasovellukset-vertailussa-2026/,how-to test workflow overlaps commercial comparison of tools,"HYPOTHESIS ONLY: title/H1/topic overlap in the same locale. No GSC page-by-query data was available, so this is not confirmed cannibalization.",LOW,"Do not merge, redirect, or rewrite now. Preserve the distinct intent; validate with GSC query × page data and then adjust meta/internal anchors only if overlap is measured."
fi-FI,updates stopped / support lifecycle,121,https://runcheckapp.com/fi/artikkelit/ohjelmisto/mita-tapahtuu-kun-android-ei-enaa-saa-paivityksia/,123,https://runcheckapp.com/fi/artikkelit/ohjelmisto/onko-puhelimeni-yha-tuettu-nain-tarkistat-androidin-paivitys-ja-tietoturvatuen/,end-of-updates explainer overlaps model support-status lookup,"HYPOTHESIS ONLY: title/H1/topic overlap in the same locale. No GSC page-by-query data was available, so this is not confirmed cannibalization.",LOW,"Do not merge, redirect, or rewrite now. Preserve the distinct intent; validate with GSC query × page data and then adjust meta/internal anchors only if overlap is measured."
fi-FI,security patch / support lifecycle,122,https://runcheckapp.com/fi/artikkelit/ohjelmisto/nain-tarkistat-androidin-tietoturvakorjaukset/,123,https://runcheckapp.com/fi/artikkelit/ohjelmisto/onko-puhelimeni-yha-tuettu-nain-tarkistat-androidin-paivitys-ja-tietoturvatuen/,patch-level check overlaps broader support-period lookup,"HYPOTHESIS ONLY: title/H1/topic overlap in the same locale. No GSC page-by-query data was available, so this is not confirmed cannibalization.",LOW,"Do not merge, redirect, or rewrite now. Preserve the distinct intent; validate with GSC query × page data and then adjust meta/internal anchors only if overlap is measured."
fi-FI,safe mode / safe mode versus reset,70,https://runcheckapp.com/fi/artikkelit/suorituskyky/android-puhelimen-kaynnistaminen-vikasietotilaan-ja-milloin-sita-kannattaa-kayttaa/,130,https://runcheckapp.com/fi/artikkelit/ohjelmisto/vikasietotila-vai-tehdasasetusten-palautus-kumpaa-kannattaa-kokeilla-ensin/,single-tool guide overlaps comparison/decision intent,"HYPOTHESIS ONLY: title/H1/topic overlap in the same locale. No GSC page-by-query data was available, so this is not confirmed cannibalization.",LOW,"Do not merge, redirect, or rewrite now. Preserve the distinct intent; validate with GSC query × page data and then adjust meta/internal anchors only if overlap is measured."
fi-FI,diagnostic codes / Xiaomi CIT,112,https://runcheckapp.com/fi/artikkelit/laitteisto/androidin-diagnostiikkakoodit-taydellinen-luettelo-valmistajittain/,159,https://runcheckapp.com/fi/artikkelit/merkkikohtaiset-oppaat/xiaomin-cit-valikko-piilotetut-laitteistotestit-xiaomi-redmi-ja-poco-laitteille/,general manufacturer-code list overlaps Xiaomi-specific menu intent,"HYPOTHESIS ONLY: title/H1/topic overlap in the same locale. No GSC page-by-query data was available, so this is not confirmed cannibalization.",LOW,"Do not merge, redirect, or rewrite now. Preserve the distinct intent; validate with GSC query × page data and then adjust meta/internal anchors only if overlap is measured."
sv-SE,overall phone condition / full diagnostic,1,https://runcheckapp.com/sv/artiklar/enhetshalsa/halsokontroll-for-android-sa-ser-du-om-telefonen-ar-i-bra-skick/,7,https://runcheckapp.com/sv/artiklar/enhetshalsa/sa-kor-du-en-fullstandig-diagnostik-pa-en-android-telefon/,overall condition check overlaps a full diagnostic workflow,"HYPOTHESIS ONLY: title/H1/topic overlap in the same locale. No GSC page-by-query data was available, so this is not confirmed cannibalization.",LOW,"Do not merge, redirect, or rewrite now. Preserve the distinct intent; validate with GSC query × page data and then adjust meta/internal anchors only if overlap is measured."
sv-SE,used phone condition / buying checklist,2,https://runcheckapp.com/sv/artiklar/kopa-och-salja/sa-kontrollerar-du-om-en-begagnad-android-telefon-ar-i-bra-skick/,6,https://runcheckapp.com/sv/artiklar/kopa-och-salja/det-har-bor-du-kontrollera-innan-du-koper-en-begagnad-android-telefon/,both answer pre-purchase condition checks; one should remain condition-led and the other checklist-led,"HYPOTHESIS ONLY: title/H1/topic overlap in the same locale. No GSC page-by-query data was available, so this is not confirmed cannibalization.",LOW,"Do not merge, redirect, or rewrite now. Preserve the distinct intent; validate with GSC query × page data and then adjust meta/internal anchors only if overlap is measured."
sv-SE,battery health / battery percentage,11,https://runcheckapp.com/sv/artiklar/batteri/sa-kontrollerar-du-batterihalsan-pa-android-och-upptacker-ett-utslitet-batteri/,13,https://runcheckapp.com/sv/artiklar/batteri/vad-betyder-batterihalsa-i-procent-egentligen/,battery health and percentage meaning can share broad queries but have different explanatory intent,"HYPOTHESIS ONLY: title/H1/topic overlap in the same locale. No GSC page-by-query data was available, so this is not confirmed cannibalization.",LOW,"Do not merge, redirect, or rewrite now. Preserve the distinct intent; validate with GSC query × page data and then adjust meta/internal anchors only if overlap is measured."
sv-SE,fast battery drain / hidden drain,21,https://runcheckapp.com/sv/artiklar/batteri/varfor-telefonens-batteri-tar-slut-sa-snabbt-en-praktisk-felsokningsguide-for-android/,25,https://runcheckapp.com/sv/artiklar/batteri/sa-hittar-du-dold-batteriurladdning-pa-android/,broad drain diagnosis overlaps a narrower hidden-drain method,"HYPOTHESIS ONLY: title/H1/topic overlap in the same locale. No GSC page-by-query data was available, so this is not confirmed cannibalization.",LOW,"Do not merge, redirect, or rewrite now. Preserve the distinct intent; validate with GSC query × page data and then adjust meta/internal anchors only if overlap is measured."
sv-SE,slow charging / will not charge,47,https://runcheckapp.com/sv/artiklar/laddning/varfor-laddar-mobilen-sa-langsamt-orsaker-och-losningar/,48,https://runcheckapp.com/sv/artiklar/laddning/telefonen-laddar-inte-sa-felsoker-du-laddningsproblem/,charging speed and complete charging failure are adjacent but distinct problems,"HYPOTHESIS ONLY: title/H1/topic overlap in the same locale. No GSC page-by-query data was available, so this is not confirmed cannibalization.",LOW,"Do not merge, redirect, or rewrite now. Preserve the distinct intent; validate with GSC query × page data and then adjust meta/internal anchors only if overlap is measured."
sv-SE,overheating / thermal throttling,53,https://runcheckapp.com/sv/artiklar/varme/varfor-android-telefonen-blir-overhettad-och-hur-du-kontrollerar-temperaturen/,56,https://runcheckapp.com/sv/artiklar/varme/vad-ar-termisk-strypning-och-hur-paverkar-den-telefonen/,heat symptom overlaps the performance-protection mechanism,"HYPOTHESIS ONLY: title/H1/topic overlap in the same locale. No GSC page-by-query data was available, so this is not confirmed cannibalization.",LOW,"Do not merge, redirect, or rewrite now. Preserve the distinct intent; validate with GSC query × page data and then adjust meta/internal anchors only if overlap is measured."
sv-SE,slow Android phone / speed up old phone,64,https://runcheckapp.com/sv/artiklar/prestanda/darfor-ar-din-android-telefon-langsam-hitta-och-atgarda-det-verkliga-problemet/,65,https://runcheckapp.com/sv/artiklar/prestanda/sa-gor-du-en-gammal-android-telefon-snabbare/,diagnosis and improvement intents may share slow-phone queries,"HYPOTHESIS ONLY: title/H1/topic overlap in the same locale. No GSC page-by-query data was available, so this is not confirmed cannibalization.",LOW,"Do not merge, redirect, or rewrite now. Preserve the distinct intent; validate with GSC query × page data and then adjust meta/internal anchors only if overlap is measured."
sv-SE,free storage / false full warning,79,https://runcheckapp.com/sv/artiklar/lagring/sa-frigor-du-lagringsutrymme-i-android-utan-att-forlora-nagot/,87,https://runcheckapp.com/sv/artiklar/lagring/varfor-telefonen-sager-att-lagringsutrymmet-ar-fullt-fast-det-inte-ar-det/,general cleanup overlaps the false-full error intent,"HYPOTHESIS ONLY: title/H1/topic overlap in the same locale. No GSC page-by-query data was available, so this is not confirmed cannibalization.",LOW,"Do not merge, redirect, or rewrite now. Preserve the distinct intent; validate with GSC query × page data and then adjust meta/internal anchors only if overlap is measured."
sv-SE,Wi-Fi signal / Wi-Fi troubleshooting,90,https://runcheckapp.com/sv/artiklar/natverk/sa-kontrollerar-du-wifi-signalstyrkan-pa-android/,96,https://runcheckapp.com/sv/artiklar/natverk/sa-loser-du-anslutningsproblem-med-wi-fi-pa-android/,measurement intent overlaps repair intent,"HYPOTHESIS ONLY: title/H1/topic overlap in the same locale. No GSC page-by-query data was available, so this is not confirmed cannibalization.",LOW,"Do not merge, redirect, or rewrite now. Preserve the distinct intent; validate with GSC query × page data and then adjust meta/internal anchors only if overlap is measured."
sv-SE,slow phone internet / slow mobile data,91,https://runcheckapp.com/sv/artiklar/natverk/varfor-ar-internet-sa-langsamt-pa-min-telefon/,97,https://runcheckapp.com/sv/artiklar/natverk/varfor-ar-mobildatan-langsam-trots-bra-signal/,broad connection diagnosis overlaps mobile-data-only intent,"HYPOTHESIS ONLY: title/H1/topic overlap in the same locale. No GSC page-by-query data was available, so this is not confirmed cannibalization.",LOW,"Do not merge, redirect, or rewrite now. Preserve the distinct intent; validate with GSC query × page data and then adjust meta/internal anchors only if overlap is measured."
sv-SE,hardware test / diagnostic apps,104,https://runcheckapp.com/sv/artiklar/hardvara/sa-testar-du-hardvaran-i-en-android-telefon-komplett-diagnostikguide-2026/,138,https://runcheckapp.com/sv/artiklar/enhetshalsa/de-basta-diagnostikapparna-for-android-jamforda-2026/,how-to test workflow overlaps commercial comparison of tools,"HYPOTHESIS ONLY: title/H1/topic overlap in the same locale. No GSC page-by-query data was available, so this is not confirmed cannibalization.",LOW,"Do not merge, redirect, or rewrite now. Preserve the distinct intent; validate with GSC query × page data and then adjust meta/internal anchors only if overlap is measured."
sv-SE,updates stopped / support lifecycle,121,https://runcheckapp.com/sv/artiklar/programvara/vad-hander-nar-android-slutar-fa-uppdateringar/,123,https://runcheckapp.com/sv/artiklar/programvara/har-min-telefon-fortfarande-support-sa-kontrollerar-du-stodet-for-android-och/,end-of-updates explainer overlaps model support-status lookup,"HYPOTHESIS ONLY: title/H1/topic overlap in the same locale. No GSC page-by-query data was available, so this is not confirmed cannibalization.",LOW,"Do not merge, redirect, or rewrite now. Preserve the distinct intent; validate with GSC query × page data and then adjust meta/internal anchors only if overlap is measured."
sv-SE,security patch / support lifecycle,122,https://runcheckapp.com/sv/artiklar/programvara/sa-kontrollerar-du-androids-sakerhetskorrigeringar/,123,https://runcheckapp.com/sv/artiklar/programvara/har-min-telefon-fortfarande-support-sa-kontrollerar-du-stodet-for-android-och/,patch-level check overlaps broader support-period lookup,"HYPOTHESIS ONLY: title/H1/topic overlap in the same locale. No GSC page-by-query data was available, so this is not confirmed cannibalization.",LOW,"Do not merge, redirect, or rewrite now. Preserve the distinct intent; validate with GSC query × page data and then adjust meta/internal anchors only if overlap is measured."
sv-SE,safe mode / safe mode versus reset,70,https://runcheckapp.com/sv/artiklar/prestanda/sa-startar-du-android-i-sakert-lage-och-nar-du-bor-anvanda-det/,130,https://runcheckapp.com/sv/artiklar/programvara/sakert-lage-eller-fabriksaterstallning-vad-bor-du-prova-forst/,single-tool guide overlaps comparison/decision intent,"HYPOTHESIS ONLY: title/H1/topic overlap in the same locale. No GSC page-by-query data was available, so this is not confirmed cannibalization.",LOW,"Do not merge, redirect, or rewrite now. Preserve the distinct intent; validate with GSC query × page data and then adjust meta/internal anchors only if overlap is measured."
sv-SE,diagnostic codes / Xiaomi CIT,112,https://runcheckapp.com/sv/artiklar/hardvara/androids-diagnostikkoder-komplett-lista-per-tillverkare/,159,https://runcheckapp.com/sv/artiklar/markesguider/xiaomis-cit-meny-dolda-hardvarutester-for-xiaomi-redmi-och-poco/,general manufacturer-code list overlaps Xiaomi-specific menu intent,"HYPOTHESIS ONLY: title/H1/topic overlap in the same locale. No GSC page-by-query data was available, so this is not confirmed cannibalization.",LOW,"Do not merge, redirect, or rewrite now. Preserve the distinct intent; validate with GSC query × page data and then adjust meta/internal anchors only if overlap is measured."
nb-NO,overall phone condition / full diagnostic,1,https://runcheckapp.com/nb/artikler/enhetshelse/helsesjekk-av-android-enheter-slik-ser-du-om-telefonen-er-i-god-stand/,7,https://runcheckapp.com/nb/artikler/enhetshelse/slik-kjorer-du-en-full-diagnose-pa-en-android-telefon/,overall condition check overlaps a full diagnostic workflow,"HYPOTHESIS ONLY: title/H1/topic overlap in the same locale. No GSC page-by-query data was available, so this is not confirmed cannibalization.",LOW,"Do not merge, redirect, or rewrite now. Preserve the distinct intent; validate with GSC query × page data and then adjust meta/internal anchors only if overlap is measured."
nb-NO,used phone condition / buying checklist,2,https://runcheckapp.com/nb/artikler/kjop-og-salg/slik-sjekker-du-om-en-brukt-android-telefon-er-i-god-stand/,6,https://runcheckapp.com/nb/artikler/kjop-og-salg/dette-bor-du-sjekke-for-du-kjoper-en-brukt-android-telefon/,both answer pre-purchase condition checks; one should remain condition-led and the other checklist-led,"HYPOTHESIS ONLY: title/H1/topic overlap in the same locale. No GSC page-by-query data was available, so this is not confirmed cannibalization.",LOW,"Do not merge, redirect, or rewrite now. Preserve the distinct intent; validate with GSC query × page data and then adjust meta/internal anchors only if overlap is measured."
nb-NO,battery health / battery percentage,11,https://runcheckapp.com/nb/artikler/batteri/slik-sjekker-du-batterihelsen-pa-android-og-oppdager-et-batteri-som-svikter/,13,https://runcheckapp.com/nb/artikler/batteri/hva-betyr-egentlig-prosentverdien-for-batterihelse/,battery health and percentage meaning can share broad queries but have different explanatory intent,"HYPOTHESIS ONLY: title/H1/topic overlap in the same locale. No GSC page-by-query data was available, so this is not confirmed cannibalization.",LOW,"Do not merge, redirect, or rewrite now. Preserve the distinct intent; validate with GSC query × page data and then adjust meta/internal anchors only if overlap is measured."
nb-NO,fast battery drain / hidden drain,21,https://runcheckapp.com/nb/artikler/batteri/hvorfor-telefonbatteriet-tommes-sa-raskt-en-praktisk-diagnoseguide-for-android/,25,https://runcheckapp.com/nb/artikler/batteri/slik-finner-du-skjult-batteritomming-pa-android/,broad drain diagnosis overlaps a narrower hidden-drain method,"HYPOTHESIS ONLY: title/H1/topic overlap in the same locale. No GSC page-by-query data was available, so this is not confirmed cannibalization.",LOW,"Do not merge, redirect, or rewrite now. Preserve the distinct intent; validate with GSC query × page data and then adjust meta/internal anchors only if overlap is measured."
nb-NO,slow charging / will not charge,47,https://runcheckapp.com/nb/artikler/lading/hvorfor-lader-telefonen-sa-sakte-arsaker-og-losninger/,48,https://runcheckapp.com/nb/artikler/lading/telefonen-lader-ikke-slik-finner-du-arsaken/,charging speed and complete charging failure are adjacent but distinct problems,"HYPOTHESIS ONLY: title/H1/topic overlap in the same locale. No GSC page-by-query data was available, so this is not confirmed cannibalization.",LOW,"Do not merge, redirect, or rewrite now. Preserve the distinct intent; validate with GSC query × page data and then adjust meta/internal anchors only if overlap is measured."
nb-NO,overheating / thermal throttling,53,https://runcheckapp.com/nb/artikler/varme/hvorfor-android-telefonen-overopphetes-og-slik-sjekker-du-temperaturen/,56,https://runcheckapp.com/nb/artikler/varme/hva-er-termisk-struping-og-hvordan-pavirker-det-telefonen/,heat symptom overlaps the performance-protection mechanism,"HYPOTHESIS ONLY: title/H1/topic overlap in the same locale. No GSC page-by-query data was available, so this is not confirmed cannibalization.",LOW,"Do not merge, redirect, or rewrite now. Preserve the distinct intent; validate with GSC query × page data and then adjust meta/internal anchors only if overlap is measured."
nb-NO,slow Android phone / speed up old phone,64,https://runcheckapp.com/nb/artikler/ytelse/hvorfor-android-telefonen-er-treg-slik-finner-og-loser-du-det-egentlige-problemet/,65,https://runcheckapp.com/nb/artikler/ytelse/slik-gjor-du-en-gammel-android-telefon-raskere/,diagnosis and improvement intents may share slow-phone queries,"HYPOTHESIS ONLY: title/H1/topic overlap in the same locale. No GSC page-by-query data was available, so this is not confirmed cannibalization.",LOW,"Do not merge, redirect, or rewrite now. Preserve the distinct intent; validate with GSC query × page data and then adjust meta/internal anchors only if overlap is measured."
nb-NO,free storage / false full warning,79,https://runcheckapp.com/nb/artikler/lagring/slik-frigjor-du-lagringsplass-pa-android-uten-a-miste-noe/,87,https://runcheckapp.com/nb/artikler/lagring/hvorfor-telefonen-sier-at-lagringen-er-full-nar-den-ikke-ser-full-ut/,general cleanup overlaps the false-full error intent,"HYPOTHESIS ONLY: title/H1/topic overlap in the same locale. No GSC page-by-query data was available, so this is not confirmed cannibalization.",LOW,"Do not merge, redirect, or rewrite now. Preserve the distinct intent; validate with GSC query × page data and then adjust meta/internal anchors only if overlap is measured."
nb-NO,Wi-Fi signal / Wi-Fi troubleshooting,90,https://runcheckapp.com/nb/artikler/nettverk/slik-sjekker-du-wifi-signalstyrken-pa-android/,96,https://runcheckapp.com/nb/artikler/nettverk/slik-loser-du-problemer-med-wi-fi-tilkoblingen-pa-android/,measurement intent overlaps repair intent,"HYPOTHESIS ONLY: title/H1/topic overlap in the same locale. No GSC page-by-query data was available, so this is not confirmed cannibalization.",LOW,"Do not merge, redirect, or rewrite now. Preserve the distinct intent; validate with GSC query × page data and then adjust meta/internal anchors only if overlap is measured."
nb-NO,slow phone internet / slow mobile data,91,https://runcheckapp.com/nb/artikler/nettverk/hvorfor-er-internett-sa-tregt-pa-telefonen/,97,https://runcheckapp.com/nb/artikler/nettverk/hvorfor-er-mobildata-tregt-selv-med-godt-signal/,broad connection diagnosis overlaps mobile-data-only intent,"HYPOTHESIS ONLY: title/H1/topic overlap in the same locale. No GSC page-by-query data was available, so this is not confirmed cannibalization.",LOW,"Do not merge, redirect, or rewrite now. Preserve the distinct intent; validate with GSC query × page data and then adjust meta/internal anchors only if overlap is measured."
nb-NO,hardware test / diagnostic apps,104,https://runcheckapp.com/nb/artikler/maskinvare/slik-tester-du-maskinvaren-i-en-android-telefon-komplett-diagnoseguide-2026/,138,https://runcheckapp.com/nb/artikler/enhetshelse/de-beste-diagnoseappene-for-android-sammenlignet-2026/,how-to test workflow overlaps commercial comparison of tools,"HYPOTHESIS ONLY: title/H1/topic overlap in the same locale. No GSC page-by-query data was available, so this is not confirmed cannibalization.",LOW,"Do not merge, redirect, or rewrite now. Preserve the distinct intent; validate with GSC query × page data and then adjust meta/internal anchors only if overlap is measured."
nb-NO,updates stopped / support lifecycle,121,https://runcheckapp.com/nb/artikler/programvare/hva-skjer-nar-android-slutter-a-fa-oppdateringer/,123,https://runcheckapp.com/nb/artikler/programvare/har-telefonen-min-fortsatt-stotte-slik-sjekker-du-stotteperioden-for-android-og/,end-of-updates explainer overlaps model support-status lookup,"HYPOTHESIS ONLY: title/H1/topic overlap in the same locale. No GSC page-by-query data was available, so this is not confirmed cannibalization.",LOW,"Do not merge, redirect, or rewrite now. Preserve the distinct intent; validate with GSC query × page data and then adjust meta/internal anchors only if overlap is measured."
nb-NO,security patch / support lifecycle,122,https://runcheckapp.com/nb/artikler/programvare/slik-sjekker-du-sikkerhetsoppdateringer-pa-android/,123,https://runcheckapp.com/nb/artikler/programvare/har-telefonen-min-fortsatt-stotte-slik-sjekker-du-stotteperioden-for-android-og/,patch-level check overlaps broader support-period lookup,"HYPOTHESIS ONLY: title/H1/topic overlap in the same locale. No GSC page-by-query data was available, so this is not confirmed cannibalization.",LOW,"Do not merge, redirect, or rewrite now. Preserve the distinct intent; validate with GSC query × page data and then adjust meta/internal anchors only if overlap is measured."
nb-NO,safe mode / safe mode versus reset,70,https://runcheckapp.com/nb/artikler/ytelse/slik-starter-du-android-i-sikker-modus-og-nar-du-bor-bruke-den/,130,https://runcheckapp.com/nb/artikler/programvare/sikker-modus-eller-tilbakestilling-til-fabrikkinnstillinger-hva-bor-du-prove-forst/,single-tool guide overlaps comparison/decision intent,"HYPOTHESIS ONLY: title/H1/topic overlap in the same locale. No GSC page-by-query data was available, so this is not confirmed cannibalization.",LOW,"Do not merge, redirect, or rewrite now. Preserve the distinct intent; validate with GSC query × page data and then adjust meta/internal anchors only if overlap is measured."
nb-NO,diagnostic codes / Xiaomi CIT,112,https://runcheckapp.com/nb/artikler/maskinvare/diagnostikkoder-for-android-komplett-liste-etter-produsent/,159,https://runcheckapp.com/nb/artikler/merkeguider/xiaomi-cit-menyen-skjulte-maskinvaretester-for-xiaomi-redmi-og-poco/,general manufacturer-code list overlaps Xiaomi-specific menu intent,"HYPOTHESIS ONLY: title/H1/topic overlap in the same locale. No GSC page-by-query data was available, so this is not confirmed cannibalization.",LOW,"Do not merge, redirect, or rewrite now. Preserve the distinct intent; validate with GSC query × page data and then adjust meta/internal anchors only if overlap is measured."
da-DK,overall phone condition / full diagnostic,1,https://runcheckapp.com/da/artikler/enhedstilstand/tilstandstjek-af-en-android-telefon-sadan-ser-du-om-den-er-i-god-stand/,7,https://runcheckapp.com/da/artikler/enhedstilstand/sadan-korer-du-en-komplet-diagnosticering-pa-en-android-telefon/,overall condition check overlaps a full diagnostic workflow,"HYPOTHESIS ONLY: title/H1/topic overlap in the same locale. No GSC page-by-query data was available, so this is not confirmed cannibalization.",LOW,"Do not merge, redirect, or rewrite now. Preserve the distinct intent; validate with GSC query × page data and then adjust meta/internal anchors only if overlap is measured."
da-DK,used phone condition / buying checklist,2,https://runcheckapp.com/da/artikler/kob-og-salg/sadan-kontrollerer-du-om-en-brugt-android-telefon-er-i-god-stand/,6,https://runcheckapp.com/da/artikler/kob-og-salg/det-skal-du-tjekke-for-du-kober-en-brugt-android-telefon/,both answer pre-purchase condition checks; one should remain condition-led and the other checklist-led,"HYPOTHESIS ONLY: title/H1/topic overlap in the same locale. No GSC page-by-query data was available, so this is not confirmed cannibalization.",LOW,"Do not merge, redirect, or rewrite now. Preserve the distinct intent; validate with GSC query × page data and then adjust meta/internal anchors only if overlap is measured."
da-DK,battery health / battery percentage,11,https://runcheckapp.com/da/artikler/batteri/sadan-tjekker-du-batteritilstanden-pa-android-og-opdager-et-defekt-batteri/,13,https://runcheckapp.com/da/artikler/batteri/hvad-betyder-procenten-for-batteritilstand-egentlig/,battery health and percentage meaning can share broad queries but have different explanatory intent,"HYPOTHESIS ONLY: title/H1/topic overlap in the same locale. No GSC page-by-query data was available, so this is not confirmed cannibalization.",LOW,"Do not merge, redirect, or rewrite now. Preserve the distinct intent; validate with GSC query × page data and then adjust meta/internal anchors only if overlap is measured."
da-DK,fast battery drain / hidden drain,21,https://runcheckapp.com/da/artikler/batteri/hvorfor-din-telefons-batteri-aflades-sa-hurtigt-en-praktisk-diagnoseguide-til-android/,25,https://runcheckapp.com/da/artikler/batteri/sadan-finder-du-skjult-batteriafladning-pa-android/,broad drain diagnosis overlaps a narrower hidden-drain method,"HYPOTHESIS ONLY: title/H1/topic overlap in the same locale. No GSC page-by-query data was available, so this is not confirmed cannibalization.",LOW,"Do not merge, redirect, or rewrite now. Preserve the distinct intent; validate with GSC query × page data and then adjust meta/internal anchors only if overlap is measured."
da-DK,slow charging / will not charge,47,https://runcheckapp.com/da/artikler/opladning/hvorfor-oplader-min-telefon-langsomt-arsager-og-losninger/,48,https://runcheckapp.com/da/artikler/opladning/telefonen-vil-ikke-lade-op-sadan-finder-du-opladningsfejlen/,charging speed and complete charging failure are adjacent but distinct problems,"HYPOTHESIS ONLY: title/H1/topic overlap in the same locale. No GSC page-by-query data was available, so this is not confirmed cannibalization.",LOW,"Do not merge, redirect, or rewrite now. Preserve the distinct intent; validate with GSC query × page data and then adjust meta/internal anchors only if overlap is measured."
da-DK,overheating / thermal throttling,53,https://runcheckapp.com/da/artikler/varme/hvorfor-din-android-telefon-bliver-overophedet-og-hvordan-du-kontrollerer-temperaturen/,56,https://runcheckapp.com/da/artikler/varme/hvad-er-termisk-begraensning-og-hvordan-pavirker-det-din-telefon/,heat symptom overlaps the performance-protection mechanism,"HYPOTHESIS ONLY: title/H1/topic overlap in the same locale. No GSC page-by-query data was available, so this is not confirmed cannibalization.",LOW,"Do not merge, redirect, or rewrite now. Preserve the distinct intent; validate with GSC query × page data and then adjust meta/internal anchors only if overlap is measured."
da-DK,slow Android phone / speed up old phone,64,https://runcheckapp.com/da/artikler/ydeevne/hvorfor-din-android-telefon-er-langsom-sadan-finder-og-loser-du-det-egentlige-problem/,65,https://runcheckapp.com/da/artikler/ydeevne/sadan-gor-du-en-gammel-android-telefon-hurtigere/,diagnosis and improvement intents may share slow-phone queries,"HYPOTHESIS ONLY: title/H1/topic overlap in the same locale. No GSC page-by-query data was available, so this is not confirmed cannibalization.",LOW,"Do not merge, redirect, or rewrite now. Preserve the distinct intent; validate with GSC query × page data and then adjust meta/internal anchors only if overlap is measured."
da-DK,free storage / false full warning,79,https://runcheckapp.com/da/artikler/lagerplads/sadan-frigor-du-lagerplads-pa-android-uden-at-miste-noget/,87,https://runcheckapp.com/da/artikler/lagerplads/derfor-siger-telefonen-at-lagerpladsen-er-fuld-selv-om-den-ikke-er-det/,general cleanup overlaps the false-full error intent,"HYPOTHESIS ONLY: title/H1/topic overlap in the same locale. No GSC page-by-query data was available, so this is not confirmed cannibalization.",LOW,"Do not merge, redirect, or rewrite now. Preserve the distinct intent; validate with GSC query × page data and then adjust meta/internal anchors only if overlap is measured."
da-DK,Wi-Fi signal / Wi-Fi troubleshooting,90,https://runcheckapp.com/da/artikler/netvaerk/sadan-tjekker-du-wi-fi-signalstyrken-pa-android/,96,https://runcheckapp.com/da/artikler/netvaerk/sadan-loser-du-problemer-med-wi-fi-forbindelsen-pa-android/,measurement intent overlaps repair intent,"HYPOTHESIS ONLY: title/H1/topic overlap in the same locale. No GSC page-by-query data was available, so this is not confirmed cannibalization.",LOW,"Do not merge, redirect, or rewrite now. Preserve the distinct intent; validate with GSC query × page data and then adjust meta/internal anchors only if overlap is measured."
da-DK,slow phone internet / slow mobile data,91,https://runcheckapp.com/da/artikler/netvaerk/hvorfor-er-internettet-pa-min-telefon-sa-langsomt/,97,https://runcheckapp.com/da/artikler/netvaerk/hvorfor-er-mobildata-langsomt-selv-med-godt-signal/,broad connection diagnosis overlaps mobile-data-only intent,"HYPOTHESIS ONLY: title/H1/topic overlap in the same locale. No GSC page-by-query data was available, so this is not confirmed cannibalization.",LOW,"Do not merge, redirect, or rewrite now. Preserve the distinct intent; validate with GSC query × page data and then adjust meta/internal anchors only if overlap is measured."
da-DK,hardware test / diagnostic apps,104,https://runcheckapp.com/da/artikler/hardware/sadan-tester-du-hardwaren-i-en-android-telefon-komplet-diagnoseguide-2026/,138,https://runcheckapp.com/da/artikler/enhedstilstand/sammenligning-af-de-bedste-diagnoseapps-til-android-2026/,how-to test workflow overlaps commercial comparison of tools,"HYPOTHESIS ONLY: title/H1/topic overlap in the same locale. No GSC page-by-query data was available, so this is not confirmed cannibalization.",LOW,"Do not merge, redirect, or rewrite now. Preserve the distinct intent; validate with GSC query × page data and then adjust meta/internal anchors only if overlap is measured."
da-DK,updates stopped / support lifecycle,121,https://runcheckapp.com/da/artikler/software/hvad-sker-der-nar-android-ikke-laengere-far-opdateringer/,123,https://runcheckapp.com/da/artikler/software/far-min-telefon-stadig-support-sadan-tjekker-du-androids-opdaterings-og-sikkerhedsperiode/,end-of-updates explainer overlaps model support-status lookup,"HYPOTHESIS ONLY: title/H1/topic overlap in the same locale. No GSC page-by-query data was available, so this is not confirmed cannibalization.",LOW,"Do not merge, redirect, or rewrite now. Preserve the distinct intent; validate with GSC query × page data and then adjust meta/internal anchors only if overlap is measured."
da-DK,security patch / support lifecycle,122,https://runcheckapp.com/da/artikler/software/sadan-tjekker-du-androids-sikkerhedsopdateringer/,123,https://runcheckapp.com/da/artikler/software/far-min-telefon-stadig-support-sadan-tjekker-du-androids-opdaterings-og-sikkerhedsperiode/,patch-level check overlaps broader support-period lookup,"HYPOTHESIS ONLY: title/H1/topic overlap in the same locale. No GSC page-by-query data was available, so this is not confirmed cannibalization.",LOW,"Do not merge, redirect, or rewrite now. Preserve the distinct intent; validate with GSC query × page data and then adjust meta/internal anchors only if overlap is measured."
da-DK,safe mode / safe mode versus reset,70,https://runcheckapp.com/da/artikler/ydeevne/sadan-starter-du-android-i-sikker-tilstand-og-hvornar-du-bor-bruge-den/,130,https://runcheckapp.com/da/artikler/software/sikker-tilstand-eller-nulstilling-til-fabriksindstillinger-hvad-bor-du-prove-forst/,single-tool guide overlaps comparison/decision intent,"HYPOTHESIS ONLY: title/H1/topic overlap in the same locale. No GSC page-by-query data was available, so this is not confirmed cannibalization.",LOW,"Do not merge, redirect, or rewrite now. Preserve the distinct intent; validate with GSC query × page data and then adjust meta/internal anchors only if overlap is measured."
da-DK,diagnostic codes / Xiaomi CIT,112,https://runcheckapp.com/da/artikler/hardware/android-diagnosekoder-komplet-liste-efter-producent/,159,https://runcheckapp.com/da/artikler/maerkeguides/xiaomi-cit-menuen-skjulte-hardwaretests-til-xiaomi-redmi-og-poco/,general manufacturer-code list overlaps Xiaomi-specific menu intent,"HYPOTHESIS ONLY: title/H1/topic overlap in the same locale. No GSC page-by-query data was available, so this is not confirmed cannibalization.",LOW,"Do not merge, redirect, or rewrite now. Preserve the distinct intent; validate with GSC query × page data and then adjust meta/internal anchors only if overlap is measured."
de-DE,overall phone condition / full diagnostic,1,https://runcheckapp.com/de/artikel/geratezustand/android-geratezustand-prufen-so-findest-du-heraus-ob-dein-smartphone-in-gutem-zustand-ist/,7,https://runcheckapp.com/de/artikel/geratezustand/so-fuhrst-du-eine-vollstandige-diagnose-auf-einem-android-smartphone-durch/,overall condition check overlaps a full diagnostic workflow,"HYPOTHESIS ONLY: title/H1/topic overlap in the same locale. No GSC page-by-query data was available, so this is not confirmed cannibalization.",LOW,"Do not merge, redirect, or rewrite now. Preserve the distinct intent; validate with GSC query × page data and then adjust meta/internal anchors only if overlap is measured."
de-DE,used phone condition / buying checklist,2,https://runcheckapp.com/de/artikel/kaufen-und-verkaufen/so-prufst-du-ob-ein-gebrauchtes-android-smartphone-in-gutem-zustand-ist/,6,https://runcheckapp.com/de/artikel/kaufen-und-verkaufen/was-du-vor-dem-kauf-eines-gebrauchten-android-smartphones-prufen-solltest/,both answer pre-purchase condition checks; one should remain condition-led and the other checklist-led,"HYPOTHESIS ONLY: title/H1/topic overlap in the same locale. No GSC page-by-query data was available, so this is not confirmed cannibalization.",LOW,"Do not merge, redirect, or rewrite now. Preserve the distinct intent; validate with GSC query × page data and then adjust meta/internal anchors only if overlap is measured."
de-DE,battery health / battery percentage,11,https://runcheckapp.com/de/artikel/akku/so-prufst-du-den-akkuzustand-unter-android-und-erkennst-einen-defekten-akku/,13,https://runcheckapp.com/de/artikel/akku/was-bedeutet-der-prozentwert-des-akkuzustands-wirklich/,battery health and percentage meaning can share broad queries but have different explanatory intent,"HYPOTHESIS ONLY: title/H1/topic overlap in the same locale. No GSC page-by-query data was available, so this is not confirmed cannibalization.",LOW,"Do not merge, redirect, or rewrite now. Preserve the distinct intent; validate with GSC query × page data and then adjust meta/internal anchors only if overlap is measured."
de-DE,fast battery drain / hidden drain,21,https://runcheckapp.com/de/artikel/akku/warum-sich-der-akku-deines-smartphones-so-schnell-entladt-eine-praktische-android-diagnose/,25,https://runcheckapp.com/de/artikel/akku/so-findest-du-versteckten-akkuverbrauch-auf-android/,broad drain diagnosis overlaps a narrower hidden-drain method,"HYPOTHESIS ONLY: title/H1/topic overlap in the same locale. No GSC page-by-query data was available, so this is not confirmed cannibalization.",LOW,"Do not merge, redirect, or rewrite now. Preserve the distinct intent; validate with GSC query × page data and then adjust meta/internal anchors only if overlap is measured."
de-DE,slow charging / will not charge,47,https://runcheckapp.com/de/artikel/laden/warum-ladt-mein-smartphone-so-langsam-ursachen-und-losungen/,48,https://runcheckapp.com/de/artikel/laden/smartphone-ladt-nicht-so-findest-du-die-ursache/,charging speed and complete charging failure are adjacent but distinct problems,"HYPOTHESIS ONLY: title/H1/topic overlap in the same locale. No GSC page-by-query data was available, so this is not confirmed cannibalization.",LOW,"Do not merge, redirect, or rewrite now. Preserve the distinct intent; validate with GSC query × page data and then adjust meta/internal anchors only if overlap is measured."
de-DE,overheating / thermal throttling,53,https://runcheckapp.com/de/artikel/temperatur/warum-dein-android-smartphone-uberhitzt-und-wie-du-seine-temperatur-prufst/,56,https://runcheckapp.com/de/artikel/temperatur/was-ist-thermische-drosselung-und-wie-wirkt-sie-sich-auf-dein-smartphone-aus/,heat symptom overlaps the performance-protection mechanism,"HYPOTHESIS ONLY: title/H1/topic overlap in the same locale. No GSC page-by-query data was available, so this is not confirmed cannibalization.",LOW,"Do not merge, redirect, or rewrite now. Preserve the distinct intent; validate with GSC query × page data and then adjust meta/internal anchors only if overlap is measured."
de-DE,slow Android phone / speed up old phone,64,https://runcheckapp.com/de/artikel/leistung/warum-dein-android-smartphone-langsam-ist-so-findest-und-behebst-du-die-eigentliche/,65,https://runcheckapp.com/de/artikel/leistung/so-beschleunigst-du-ein-altes-android-smartphone/,diagnosis and improvement intents may share slow-phone queries,"HYPOTHESIS ONLY: title/H1/topic overlap in the same locale. No GSC page-by-query data was available, so this is not confirmed cannibalization.",LOW,"Do not merge, redirect, or rewrite now. Preserve the distinct intent; validate with GSC query × page data and then adjust meta/internal anchors only if overlap is measured."
de-DE,free storage / false full warning,79,https://runcheckapp.com/de/artikel/speicher/so-gibst-du-unter-android-speicherplatz-frei-ohne-wichtiges-zu-verlieren/,87,https://runcheckapp.com/de/artikel/speicher/warum-dein-smartphone-vollen-speicher-meldet-obwohl-noch-platz-frei-zu-sein-scheint/,general cleanup overlaps the false-full error intent,"HYPOTHESIS ONLY: title/H1/topic overlap in the same locale. No GSC page-by-query data was available, so this is not confirmed cannibalization.",LOW,"Do not merge, redirect, or rewrite now. Preserve the distinct intent; validate with GSC query × page data and then adjust meta/internal anchors only if overlap is measured."
de-DE,Wi-Fi signal / Wi-Fi troubleshooting,90,https://runcheckapp.com/de/artikel/netzwerk/so-prufst-du-die-wifi-signalstarke-auf-android/,96,https://runcheckapp.com/de/artikel/netzwerk/so-behebst-du-wlan-verbindungsprobleme-unter-android/,measurement intent overlaps repair intent,"HYPOTHESIS ONLY: title/H1/topic overlap in the same locale. No GSC page-by-query data was available, so this is not confirmed cannibalization.",LOW,"Do not merge, redirect, or rewrite now. Preserve the distinct intent; validate with GSC query × page data and then adjust meta/internal anchors only if overlap is measured."
de-DE,slow phone internet / slow mobile data,91,https://runcheckapp.com/de/artikel/netzwerk/warum-ist-das-internet-auf-meinem-smartphone-so-langsam/,97,https://runcheckapp.com/de/artikel/netzwerk/warum-sind-mobile-daten-trotz-gutem-empfang-langsam/,broad connection diagnosis overlaps mobile-data-only intent,"HYPOTHESIS ONLY: title/H1/topic overlap in the same locale. No GSC page-by-query data was available, so this is not confirmed cannibalization.",LOW,"Do not merge, redirect, or rewrite now. Preserve the distinct intent; validate with GSC query × page data and then adjust meta/internal anchors only if overlap is measured."
de-DE,hardware test / diagnostic apps,104,https://runcheckapp.com/de/artikel/hardware/android-hardware-testen-vollstandiger-diagnoseleitfaden-2026/,138,https://runcheckapp.com/de/artikel/geratezustand/die-besten-android-diagnose-apps-im-vergleich-2026/,how-to test workflow overlaps commercial comparison of tools,"HYPOTHESIS ONLY: title/H1/topic overlap in the same locale. No GSC page-by-query data was available, so this is not confirmed cannibalization.",LOW,"Do not merge, redirect, or rewrite now. Preserve the distinct intent; validate with GSC query × page data and then adjust meta/internal anchors only if overlap is measured."
de-DE,updates stopped / support lifecycle,121,https://runcheckapp.com/de/artikel/software/was-passiert-wenn-android-keine-updates-mehr-erhalt/,123,https://runcheckapp.com/de/artikel/software/wird-mein-smartphone-noch-unterstutzt-so-prufst-du-den-android-und-sicherheits-support/,end-of-updates explainer overlaps model support-status lookup,"HYPOTHESIS ONLY: title/H1/topic overlap in the same locale. No GSC page-by-query data was available, so this is not confirmed cannibalization.",LOW,"Do not merge, redirect, or rewrite now. Preserve the distinct intent; validate with GSC query × page data and then adjust meta/internal anchors only if overlap is measured."
de-DE,security patch / support lifecycle,122,https://runcheckapp.com/de/artikel/software/so-prufst-du-android-sicherheitspatches/,123,https://runcheckapp.com/de/artikel/software/wird-mein-smartphone-noch-unterstutzt-so-prufst-du-den-android-und-sicherheits-support/,patch-level check overlaps broader support-period lookup,"HYPOTHESIS ONLY: title/H1/topic overlap in the same locale. No GSC page-by-query data was available, so this is not confirmed cannibalization.",LOW,"Do not merge, redirect, or rewrite now. Preserve the distinct intent; validate with GSC query × page data and then adjust meta/internal anchors only if overlap is measured."
de-DE,safe mode / safe mode versus reset,70,https://runcheckapp.com/de/artikel/leistung/so-startest-du-android-im-abgesicherten-modus-und-dafur-ist-er-gedacht/,130,https://runcheckapp.com/de/artikel/software/abgesicherter-modus-oder-werkseinstellungen-was-solltest-du-zuerst-versuchen/,single-tool guide overlaps comparison/decision intent,"HYPOTHESIS ONLY: title/H1/topic overlap in the same locale. No GSC page-by-query data was available, so this is not confirmed cannibalization.",LOW,"Do not merge, redirect, or rewrite now. Preserve the distinct intent; validate with GSC query × page data and then adjust meta/internal anchors only if overlap is measured."
de-DE,diagnostic codes / Xiaomi CIT,112,https://runcheckapp.com/de/artikel/hardware/android-diagnosecodes-vollstandige-liste-nach-hersteller/,159,https://runcheckapp.com/de/artikel/markenratgeber/xiaomi-cit-menu-versteckte-hardwaretests-fur-xiaomi-redmi-und-poco/,general manufacturer-code list overlaps Xiaomi-specific menu intent,"HYPOTHESIS ONLY: title/H1/topic overlap in the same locale. No GSC page-by-query data was available, so this is not confirmed cannibalization.",LOW,"Do not merge, redirect, or rewrite now. Preserve the distinct intent; validate with GSC query × page data and then adjust meta/internal anchors only if overlap is measured."
fr-FR,overall phone condition / full diagnostic,1,https://runcheckapp.com/fr/articles/etat-de-l-appareil/diagnostic-de-l-etat-d-un-appareil-android-comment-verifier-si-votre-telephone-est-en-bon/,7,https://runcheckapp.com/fr/articles/etat-de-l-appareil/comment-effectuer-un-diagnostic-complet-sur-un-smartphone-android/,overall condition check overlaps a full diagnostic workflow,"HYPOTHESIS ONLY: title/H1/topic overlap in the same locale. No GSC page-by-query data was available, so this is not confirmed cannibalization.",LOW,"Do not merge, redirect, or rewrite now. Preserve the distinct intent; validate with GSC query × page data and then adjust meta/internal anchors only if overlap is measured."
fr-FR,used phone condition / buying checklist,2,https://runcheckapp.com/fr/articles/achat-et-revente/comment-verifier-qu-un-smartphone-android-d-occasion-est-en-bon-etat/,6,https://runcheckapp.com/fr/articles/achat-et-revente/que-verifier-avant-d-acheter-un-smartphone-android-d-occasion/,both answer pre-purchase condition checks; one should remain condition-led and the other checklist-led,"HYPOTHESIS ONLY: title/H1/topic overlap in the same locale. No GSC page-by-query data was available, so this is not confirmed cannibalization.",LOW,"Do not merge, redirect, or rewrite now. Preserve the distinct intent; validate with GSC query × page data and then adjust meta/internal anchors only if overlap is measured."
fr-FR,battery health / battery percentage,11,https://runcheckapp.com/fr/articles/batterie/comment-verifier-l-etat-de-la-batterie-sur-android-et-reperer-une-batterie-defaillante/,13,https://runcheckapp.com/fr/articles/batterie/que-signifie-vraiment-le-pourcentage-d-etat-de-la-batterie/,battery health and percentage meaning can share broad queries but have different explanatory intent,"HYPOTHESIS ONLY: title/H1/topic overlap in the same locale. No GSC page-by-query data was available, so this is not confirmed cannibalization.",LOW,"Do not merge, redirect, or rewrite now. Preserve the distinct intent; validate with GSC query × page data and then adjust meta/internal anchors only if overlap is measured."
fr-FR,fast battery drain / hidden drain,21,https://runcheckapp.com/fr/articles/batterie/pourquoi-la-batterie-de-votre-telephone-se-decharge-si-vite-guide-pratique-de-diagnostic/,25,https://runcheckapp.com/fr/articles/batterie/comment-trouver-une-consommation-de-batterie-cachee-sur-android/,broad drain diagnosis overlaps a narrower hidden-drain method,"HYPOTHESIS ONLY: title/H1/topic overlap in the same locale. No GSC page-by-query data was available, so this is not confirmed cannibalization.",LOW,"Do not merge, redirect, or rewrite now. Preserve the distinct intent; validate with GSC query × page data and then adjust meta/internal anchors only if overlap is measured."
fr-FR,slow charging / will not charge,47,https://runcheckapp.com/fr/articles/recharge/pourquoi-mon-telephone-se-recharge-t-il-lentement-causes-et-solutions/,48,https://runcheckapp.com/fr/articles/recharge/le-telephone-ne-se-recharge-pas-comment-diagnostiquer-le-probleme/,charging speed and complete charging failure are adjacent but distinct problems,"HYPOTHESIS ONLY: title/H1/topic overlap in the same locale. No GSC page-by-query data was available, so this is not confirmed cannibalization.",LOW,"Do not merge, redirect, or rewrite now. Preserve the distinct intent; validate with GSC query × page data and then adjust meta/internal anchors only if overlap is measured."
fr-FR,overheating / thermal throttling,53,https://runcheckapp.com/fr/articles/temperature/pourquoi-votre-telephone-android-surchauffe-et-comment-verifier-sa-temperature/,56,https://runcheckapp.com/fr/articles/temperature/qu-est-ce-que-le-bridage-thermique-et-quel-effet-a-t-il-sur-votre-telephone/,heat symptom overlaps the performance-protection mechanism,"HYPOTHESIS ONLY: title/H1/topic overlap in the same locale. No GSC page-by-query data was available, so this is not confirmed cannibalization.",LOW,"Do not merge, redirect, or rewrite now. Preserve the distinct intent; validate with GSC query × page data and then adjust meta/internal anchors only if overlap is measured."
fr-FR,slow Android phone / speed up old phone,64,https://runcheckapp.com/fr/articles/performances/pourquoi-votre-telephone-android-est-lent-trouver-et-corriger-la-vraie-cause/,65,https://runcheckapp.com/fr/articles/performances/comment-accelerer-un-ancien-telephone-android/,diagnosis and improvement intents may share slow-phone queries,"HYPOTHESIS ONLY: title/H1/topic overlap in the same locale. No GSC page-by-query data was available, so this is not confirmed cannibalization.",LOW,"Do not merge, redirect, or rewrite now. Preserve the distinct intent; validate with GSC query × page data and then adjust meta/internal anchors only if overlap is measured."
fr-FR,free storage / false full warning,79,https://runcheckapp.com/fr/articles/stockage/comment-liberer-du-stockage-sur-android-sans-rien-perdre/,87,https://runcheckapp.com/fr/articles/stockage/pourquoi-votre-telephone-indique-que-le-stockage-est-plein-alors-qu-il-ne-l-est-pas/,general cleanup overlaps the false-full error intent,"HYPOTHESIS ONLY: title/H1/topic overlap in the same locale. No GSC page-by-query data was available, so this is not confirmed cannibalization.",LOW,"Do not merge, redirect, or rewrite now. Preserve the distinct intent; validate with GSC query × page data and then adjust meta/internal anchors only if overlap is measured."
fr-FR,Wi-Fi signal / Wi-Fi troubleshooting,90,https://runcheckapp.com/fr/articles/reseau/comment-verifier-la-puissance-du-signal-wifi-sur-android/,96,https://runcheckapp.com/fr/articles/reseau/comment-resoudre-les-problemes-de-connexion-wi-fi-sur-android/,measurement intent overlaps repair intent,"HYPOTHESIS ONLY: title/H1/topic overlap in the same locale. No GSC page-by-query data was available, so this is not confirmed cannibalization.",LOW,"Do not merge, redirect, or rewrite now. Preserve the distinct intent; validate with GSC query × page data and then adjust meta/internal anchors only if overlap is measured."
fr-FR,slow phone internet / slow mobile data,91,https://runcheckapp.com/fr/articles/reseau/pourquoi-la-connexion-internet-de-mon-telephone-est-elle-si-lente/,97,https://runcheckapp.com/fr/articles/reseau/pourquoi-les-donnees-mobiles-sont-elles-lentes-malgre-un-bon-signal/,broad connection diagnosis overlaps mobile-data-only intent,"HYPOTHESIS ONLY: title/H1/topic overlap in the same locale. No GSC page-by-query data was available, so this is not confirmed cannibalization.",LOW,"Do not merge, redirect, or rewrite now. Preserve the distinct intent; validate with GSC query × page data and then adjust meta/internal anchors only if overlap is measured."
fr-FR,hardware test / diagnostic apps,104,https://runcheckapp.com/fr/articles/materiel-et-capteurs/comment-tester-le-materiel-d-un-telephone-android-guide-de-diagnostic-complet-2026/,138,https://runcheckapp.com/fr/articles/etat-de-l-appareil/comparatif-des-meilleures-applications-de-diagnostic-android-2026/,how-to test workflow overlaps commercial comparison of tools,"HYPOTHESIS ONLY: title/H1/topic overlap in the same locale. No GSC page-by-query data was available, so this is not confirmed cannibalization.",LOW,"Do not merge, redirect, or rewrite now. Preserve the distinct intent; validate with GSC query × page data and then adjust meta/internal anchors only if overlap is measured."
fr-FR,updates stopped / support lifecycle,121,https://runcheckapp.com/fr/articles/logiciel-et-mises-a-jour/que-se-passe-t-il-lorsqu-android-ne-recoit-plus-de-mises-a-jour/,123,https://runcheckapp.com/fr/articles/logiciel-et-mises-a-jour/mon-telephone-est-il-encore-pris-en-charge-verifier-le-cycle-de-suivi-et-de-securite/,end-of-updates explainer overlaps model support-status lookup,"HYPOTHESIS ONLY: title/H1/topic overlap in the same locale. No GSC page-by-query data was available, so this is not confirmed cannibalization.",LOW,"Do not merge, redirect, or rewrite now. Preserve the distinct intent; validate with GSC query × page data and then adjust meta/internal anchors only if overlap is measured."
fr-FR,security patch / support lifecycle,122,https://runcheckapp.com/fr/articles/logiciel-et-mises-a-jour/comment-verifier-les-correctifs-de-securite-android/,123,https://runcheckapp.com/fr/articles/logiciel-et-mises-a-jour/mon-telephone-est-il-encore-pris-en-charge-verifier-le-cycle-de-suivi-et-de-securite/,patch-level check overlaps broader support-period lookup,"HYPOTHESIS ONLY: title/H1/topic overlap in the same locale. No GSC page-by-query data was available, so this is not confirmed cannibalization.",LOW,"Do not merge, redirect, or rewrite now. Preserve the distinct intent; validate with GSC query × page data and then adjust meta/internal anchors only if overlap is measured."
fr-FR,safe mode / safe mode versus reset,70,https://runcheckapp.com/fr/articles/performances/comment-demarrer-android-en-mode-sans-echec-et-quand-l-utiliser/,130,https://runcheckapp.com/fr/articles/logiciel-et-mises-a-jour/mode-sans-echec-ou-retablissement-de-la-configuration-d-usine-lequel-essayer-d-abord/,single-tool guide overlaps comparison/decision intent,"HYPOTHESIS ONLY: title/H1/topic overlap in the same locale. No GSC page-by-query data was available, so this is not confirmed cannibalization.",LOW,"Do not merge, redirect, or rewrite now. Preserve the distinct intent; validate with GSC query × page data and then adjust meta/internal anchors only if overlap is measured."
fr-FR,diagnostic codes / Xiaomi CIT,112,https://runcheckapp.com/fr/articles/materiel-et-capteurs/codes-de-diagnostic-android-liste-complete-par-fabricant/,159,https://runcheckapp.com/fr/articles/guides-par-marque/menu-cit-de-xiaomi-tests-materiels-caches-pour-xiaomi-redmi-et-poco/,general manufacturer-code list overlaps Xiaomi-specific menu intent,"HYPOTHESIS ONLY: title/H1/topic overlap in the same locale. No GSC page-by-query data was available, so this is not confirmed cannibalization.",LOW,"Do not merge, redirect, or rewrite now. Preserve the distinct intent; validate with GSC query × page data and then adjust meta/internal anchors only if overlap is measured."
es-ES,overall phone condition / full diagnostic,1,https://runcheckapp.com/es/articulos/estado-del-dispositivo/comprobacion-del-estado-de-un-dispositivo-android-como-saber-si-tu-movil-esta-en-buenas/,7,https://runcheckapp.com/es/articulos/estado-del-dispositivo/como-realizar-un-diagnostico-completo-en-un-movil-android/,overall condition check overlaps a full diagnostic workflow,"HYPOTHESIS ONLY: title/H1/topic overlap in the same locale. No GSC page-by-query data was available, so this is not confirmed cannibalization.",LOW,"Do not merge, redirect, or rewrite now. Preserve the distinct intent; validate with GSC query × page data and then adjust meta/internal anchors only if overlap is measured."
es-ES,used phone condition / buying checklist,2,https://runcheckapp.com/es/articulos/compra-y-venta/como-comprobar-si-un-movil-android-de-segunda-mano-esta-en-buenas-condiciones/,6,https://runcheckapp.com/es/articulos/compra-y-venta/que-comprobar-antes-de-comprar-un-movil-android-de-segunda-mano/,both answer pre-purchase condition checks; one should remain condition-led and the other checklist-led,"HYPOTHESIS ONLY: title/H1/topic overlap in the same locale. No GSC page-by-query data was available, so this is not confirmed cannibalization.",LOW,"Do not merge, redirect, or rewrite now. Preserve the distinct intent; validate with GSC query × page data and then adjust meta/internal anchors only if overlap is measured."
es-ES,battery health / battery percentage,11,https://runcheckapp.com/es/articulos/bateria/como-comprobar-el-estado-de-la-bateria-en-android-y-detectar-una-bateria-deteriorada/,13,https://runcheckapp.com/es/articulos/bateria/que-significa-realmente-el-porcentaje-de-estado-de-la-bateria/,battery health and percentage meaning can share broad queries but have different explanatory intent,"HYPOTHESIS ONLY: title/H1/topic overlap in the same locale. No GSC page-by-query data was available, so this is not confirmed cannibalization.",LOW,"Do not merge, redirect, or rewrite now. Preserve the distinct intent; validate with GSC query × page data and then adjust meta/internal anchors only if overlap is measured."
es-ES,fast battery drain / hidden drain,21,https://runcheckapp.com/es/articulos/bateria/por-que-la-bateria-de-tu-movil-se-agota-tan-rapido-guia-practica-de-diagnostico-en-android/,25,https://runcheckapp.com/es/articulos/bateria/como-encontrar-un-consumo-oculto-de-bateria-en-android/,broad drain diagnosis overlaps a narrower hidden-drain method,"HYPOTHESIS ONLY: title/H1/topic overlap in the same locale. No GSC page-by-query data was available, so this is not confirmed cannibalization.",LOW,"Do not merge, redirect, or rewrite now. Preserve the distinct intent; validate with GSC query × page data and then adjust meta/internal anchors only if overlap is measured."
es-ES,slow charging / will not charge,47,https://runcheckapp.com/es/articulos/carga/por-que-se-carga-tan-despacio-mi-movil-causas-y-soluciones/,48,https://runcheckapp.com/es/articulos/carga/el-movil-no-carga-como-diagnosticar-problemas-de-carga/,charging speed and complete charging failure are adjacent but distinct problems,"HYPOTHESIS ONLY: title/H1/topic overlap in the same locale. No GSC page-by-query data was available, so this is not confirmed cannibalization.",LOW,"Do not merge, redirect, or rewrite now. Preserve the distinct intent; validate with GSC query × page data and then adjust meta/internal anchors only if overlap is measured."
es-ES,overheating / thermal throttling,53,https://runcheckapp.com/es/articulos/temperatura/por-que-se-sobrecalienta-tu-movil-android-y-como-comprobar-su-temperatura/,56,https://runcheckapp.com/es/articulos/temperatura/que-es-la-limitacion-termica-y-como-afecta-a-tu-movil/,heat symptom overlaps the performance-protection mechanism,"HYPOTHESIS ONLY: title/H1/topic overlap in the same locale. No GSC page-by-query data was available, so this is not confirmed cannibalization.",LOW,"Do not merge, redirect, or rewrite now. Preserve the distinct intent; validate with GSC query × page data and then adjust meta/internal anchors only if overlap is measured."
es-ES,slow Android phone / speed up old phone,64,https://runcheckapp.com/es/articulos/rendimiento/por-que-tu-movil-android-va-lento-como-encontrar-y-solucionar-el-problema-real/,65,https://runcheckapp.com/es/articulos/rendimiento/como-acelerar-un-movil-android-antiguo/,diagnosis and improvement intents may share slow-phone queries,"HYPOTHESIS ONLY: title/H1/topic overlap in the same locale. No GSC page-by-query data was available, so this is not confirmed cannibalization.",LOW,"Do not merge, redirect, or rewrite now. Preserve the distinct intent; validate with GSC query × page data and then adjust meta/internal anchors only if overlap is measured."
es-ES,free storage / false full warning,79,https://runcheckapp.com/es/articulos/almacenamiento/como-liberar-espacio-en-android-sin-perder-nada-importante/,87,https://runcheckapp.com/es/articulos/almacenamiento/por-que-el-movil-dice-que-el-almacenamiento-esta-lleno-cuando-no-lo-parece/,general cleanup overlaps the false-full error intent,"HYPOTHESIS ONLY: title/H1/topic overlap in the same locale. No GSC page-by-query data was available, so this is not confirmed cannibalization.",LOW,"Do not merge, redirect, or rewrite now. Preserve the distinct intent; validate with GSC query × page data and then adjust meta/internal anchors only if overlap is measured."
es-ES,Wi-Fi signal / Wi-Fi troubleshooting,90,https://runcheckapp.com/es/articulos/redes/como-comprobar-la-intensidad-de-la-senal-wi-fi-en-android/,96,https://runcheckapp.com/es/articulos/redes/como-solucionar-problemas-de-conexion-wi-fi-en-android/,measurement intent overlaps repair intent,"HYPOTHESIS ONLY: title/H1/topic overlap in the same locale. No GSC page-by-query data was available, so this is not confirmed cannibalization.",LOW,"Do not merge, redirect, or rewrite now. Preserve the distinct intent; validate with GSC query × page data and then adjust meta/internal anchors only if overlap is measured."
es-ES,slow phone internet / slow mobile data,91,https://runcheckapp.com/es/articulos/redes/por-que-va-tan-lento-internet-en-mi-movil/,97,https://runcheckapp.com/es/articulos/redes/por-que-van-lentos-los-datos-moviles-aunque-haya-buena-senal/,broad connection diagnosis overlaps mobile-data-only intent,"HYPOTHESIS ONLY: title/H1/topic overlap in the same locale. No GSC page-by-query data was available, so this is not confirmed cannibalization.",LOW,"Do not merge, redirect, or rewrite now. Preserve the distinct intent; validate with GSC query × page data and then adjust meta/internal anchors only if overlap is measured."
es-ES,hardware test / diagnostic apps,104,https://runcheckapp.com/es/articulos/hardware-y-sensores/como-probar-el-hardware-de-un-movil-android-guia-completa-de-diagnostico-2026/,138,https://runcheckapp.com/es/articulos/estado-del-dispositivo/comparativa-de-las-mejores-aplicaciones-de-diagnostico-para-android-2026/,how-to test workflow overlaps commercial comparison of tools,"HYPOTHESIS ONLY: title/H1/topic overlap in the same locale. No GSC page-by-query data was available, so this is not confirmed cannibalization.",LOW,"Do not merge, redirect, or rewrite now. Preserve the distinct intent; validate with GSC query × page data and then adjust meta/internal anchors only if overlap is measured."
es-ES,updates stopped / support lifecycle,121,https://runcheckapp.com/es/articulos/software-y-actualizaciones/que-ocurre-cuando-android-deja-de-recibir-actualizaciones/,123,https://runcheckapp.com/es/articulos/software-y-actualizaciones/soporte-actualizaciones-seguridad-movil-android/,end-of-updates explainer overlaps model support-status lookup,"HYPOTHESIS ONLY: title/H1/topic overlap in the same locale. No GSC page-by-query data was available, so this is not confirmed cannibalization.",LOW,"Do not merge, redirect, or rewrite now. Preserve the distinct intent; validate with GSC query × page data and then adjust meta/internal anchors only if overlap is measured."
es-ES,security patch / support lifecycle,122,https://runcheckapp.com/es/articulos/software-y-actualizaciones/como-comprobar-los-parches-de-seguridad-de-android/,123,https://runcheckapp.com/es/articulos/software-y-actualizaciones/soporte-actualizaciones-seguridad-movil-android/,patch-level check overlaps broader support-period lookup,"HYPOTHESIS ONLY: title/H1/topic overlap in the same locale. No GSC page-by-query data was available, so this is not confirmed cannibalization.",LOW,"Do not merge, redirect, or rewrite now. Preserve the distinct intent; validate with GSC query × page data and then adjust meta/internal anchors only if overlap is measured."
es-ES,safe mode / safe mode versus reset,70,https://runcheckapp.com/es/articulos/rendimiento/como-iniciar-android-en-modo-seguro-y-cuando-utilizarlo/,130,https://runcheckapp.com/es/articulos/software-y-actualizaciones/modo-seguro-o-restablecimiento-de-fabrica-cual-deberias-probar-primero/,single-tool guide overlaps comparison/decision intent,"HYPOTHESIS ONLY: title/H1/topic overlap in the same locale. No GSC page-by-query data was available, so this is not confirmed cannibalization.",LOW,"Do not merge, redirect, or rewrite now. Preserve the distinct intent; validate with GSC query × page data and then adjust meta/internal anchors only if overlap is measured."
es-ES,diagnostic codes / Xiaomi CIT,112,https://runcheckapp.com/es/articulos/hardware-y-sensores/codigos-de-diagnostico-de-android-lista-completa-por-fabricante/,159,https://runcheckapp.com/es/articulos/guias-por-marca/menu-cit-de-xiaomi-pruebas-de-hardware-ocultas-para-xiaomi-redmi-y-poco/,general manufacturer-code list overlaps Xiaomi-specific menu intent,"HYPOTHESIS ONLY: title/H1/topic overlap in the same locale. No GSC page-by-query data was available, so this is not confirmed cannibalization.",LOW,"Do not merge, redirect, or rewrite now. Preserve the distinct intent; validate with GSC query × page data and then adjust meta/internal anchors only if overlap is measured."
